frame,x,y,width,height,box_area,area_ratio,status,closer_chance,tracking
1,885,494,75,50,3750,1.0,📉 MOVING AWAY,100,success
2,885,494,75,50,3750,1.0,📉 MOVING AWAY,100,success
3,886,495,75,50,3750,1.0,📉 MOVING AWAY,100,success
4,886,495,75,50,3750,1.0,📉 MOVING AWAY,100,success
5,886,494,75,50,3750,1.0,📉 MOVING AWAY,100,success
6,886,495,75,50,3750,1.0,📉 MOVING AWAY,100,success
7,886,495,75,50,3750,1.0,📉 MOVING AWAY,100,success
8,886,495,75,50,3750,1.0,📉 MOVING AWAY,100,success
9,886,495,75,50,3750,1.0,📉 MOVING AWAY,100,success
10,886,495,75,50,3750,1.0,📉 MOVING AWAY,100,success
11,887,495,75,50,3750,1.0,📉 MOVING AWAY,100,success
12,884,493,79,52,4108,1.0190933333333334,📈 GETTING CLOSER,38,success
13,887,495,75,50,3750,1.0190933333333334,📈 GETTING CLOSER,38,success
14,887,494,75,50,3750,1.0190933333333334,📈 GETTING CLOSER,38,success
15,886,494,75,50,3750,1.0190933333333334,📈 GETTING CLOSER,38,success
16,886,494,75,50,3750,1.0190933333333334,📈 GETTING CLOSER,38,success
17,886,494,75,50,3750,0.9812643918777476,📉 MOVING AWAY,62,success
18,886,495,75,50,3750,0.9812643918777476,📉 MOVING AWAY,62,success
19,885,495,75,50,3750,0.9812643918777476,📉 MOVING AWAY,62,success
20,886,496,75,50,3750,0.9812643918777476,📉 MOVING AWAY,62,success
21,885,495,75,50,3750,0.9812643918777476,📉 MOVING AWAY,62,success
22,885,495,75,50,3750,1.0,📉 MOVING AWAY,100,success
23,882,493,79,52,4108,1.0190933333333334,📈 GETTING CLOSER,38,success
24,882,493,79,52,4108,1.0381866666666666,📈 GETTING CLOSER,76,success
25,883,494,75,50,3750,1.0381866666666666,📈 GETTING CLOSER,76,success
26,881,494,75,50,3750,1.0381866666666666,📈 GETTING CLOSER,76,success
27,879,493,79,52,4108,1.05728,📈 GETTING CLOSER,100,success
28,879,495,75,50,3750,1.0187356081222525,📈 GETTING CLOSER,37,success
29,879,495,75,50,3750,0.9816089592109319,📉 MOVING AWAY,63,success
30,878,495,75,50,3750,0.9816089592109319,📉 MOVING AWAY,63,success
31,875,494,79,52,4108,1.0,📉 MOVING AWAY,100,success
32,874,493,79,52,4108,0.9819410815173526,📉 MOVING AWAY,63,success
33,872,491,83,55,4565,1.0418678721874037,📈 GETTING CLOSER,83,success
34,873,491,79,52,4108,1.0801235084781244,📈 GETTING CLOSER,100,success
35,872,489,79,52,4108,1.0988591166003767,📈 GETTING CLOSER,100,success
36,868,488,79,52,4108,1.0786499537655398,📈 GETTING CLOSER,100,success
37,869,490,75,50,3750,1.060258912976472,📈 GETTING CLOSER,100,success
38,865,489,75,50,3750,0.9774665943493911,📉 MOVING AWAY,54,success
39,864,489,75,50,3750,0.9431658510586752,📉 MOVING AWAY,0,success
40,863,490,75,50,3750,0.9100347668714579,📉 MOVING AWAY,0,success
41,859,490,79,52,4108,0.9100347668714579,📉 MOVING AWAY,0,success
42,857,490,79,52,4108,0.9431658510586752,📉 MOVING AWAY,0,success
43,854,491,79,52,4108,1.0,📉 MOVING AWAY,100,success
44,853,491,79,52,4108,1.0367820815781363,📈 GETTING CLOSER,73,success
45,851,491,79,52,4108,1.0749424324890098,📈 GETTING CLOSER,100,success
46,848,492,79,52,4108,1.0749424324890098,📈 GETTING CLOSER,100,success
47,848,492,79,52,4108,1.0551731223672045,📈 GETTING CLOSER,100,success
48,846,491,79,52,4108,1.0361178369652946,📈 GETTING CLOSER,72,success
49,845,493,75,50,3750,1.0,📉 MOVING AWAY,100,success
50,843,492,79,52,4108,0.9825705939629991,📉 MOVING AWAY,65,success
51,841,492,79,52,4108,0.9825705939629991,📉 MOVING AWAY,65,success
52,840,493,79,52,4108,0.9825705939629991,📉 MOVING AWAY,65,success
53,840,493,79,52,4108,0.9825705939629991,📉 MOVING AWAY,65,success
54,840,493,79,52,4108,1.0177385789317213,📈 GETTING CLOSER,35,success
55,840,493,79,52,4108,1.0177385789317213,📈 GETTING CLOSER,35,success
56,841,493,79,52,4108,1.0177385789317213,📈 GETTING CLOSER,35,success
57,841,492,79,52,4108,1.0177385789317213,📈 GETTING CLOSER,35,success
58,840,492,79,52,4108,1.0177385789317213,📈 GETTING CLOSER,35,success
59,839,491,83,55,4565,1.022249269717624,📈 GETTING CLOSER,44,success
60,839,491,83,55,4565,1.0444985394352484,📈 GETTING CLOSER,88,success
61,836,491,83,55,4565,1.0667478091528724,📈 GETTING CLOSER,100,success
62,836,491,83,55,4565,1.0889970788704966,📈 GETTING CLOSER,100,success
63,832,492,83,55,4565,1.1112463485881208,📈 GETTING CLOSER,100,success
64,831,491,83,55,4565,1.0870600561985047,📈 GETTING CLOSER,100,success
65,830,492,83,55,4565,1.0639041670550946,📈 GETTING CLOSER,100,success
66,827,492,83,55,4565,1.041714207475697,📈 GETTING CLOSER,83,success
67,826,491,83,55,4565,1.0204309728183119,📈 GETTING CLOSER,40,success
68,823,489,87,58,5046,1.0210733844468785,📈 GETTING CLOSER,42,success
69,825,490,83,55,4565,1.0210733844468785,📈 GETTING CLOSER,42,success
70,824,490,83,55,4565,1.0210733844468785,📈 GETTING CLOSER,42,success
71,821,489,87,58,5046,1.0421467688937567,📈 GETTING CLOSER,84,success
72,823,488,87,58,5046,1.0632201533406354,📈 GETTING CLOSER,100,success
73,824,489,87,58,5046,1.0412769243971511,📈 GETTING CLOSER,82,success
74,825,489,87,58,5046,1.0619153865957265,📈 GETTING CLOSER,100,success
75,828,490,83,55,4565,1.0619153865957265,📈 GETTING CLOSER,100,success
76,830,490,83,55,4565,1.0202211291882122,📈 GETTING CLOSER,40,success
77,831,490,83,55,4565,0.9801796604582165,📉 MOVING AWAY,60,success
78,832,489,87,58,5046,0.9801796604582165,📉 MOVING AWAY,60,success
79,834,488,87,58,5046,0.9611297426158631,📉 MOVING AWAY,22,success
80,835,488,87,58,5046,0.9805648713079317,📉 MOVING AWAY,61,success
81,838,490,83,55,4565,1.0,📉 MOVING AWAY,100,success
82,838,490,83,55,4565,1.0202211291882122,📈 GETTING CLOSER,40,success
83,838,490,83,55,4565,1.0,📉 MOVING AWAY,100,success
84,838,491,83,55,4565,0.9797788708117879,📉 MOVING AWAY,59,success
85,838,491,83,55,4565,0.9405389813746496,📉 MOVING AWAY,0,success
86,838,491,83,55,4565,0.9405389813746496,📉 MOVING AWAY,0,success
87,838,491,83,55,4565,0.9405389813746496,📉 MOVING AWAY,0,success
88,838,492,83,55,4565,0.959557741623576,📉 MOVING AWAY,19,success
89,839,492,83,55,4565,0.9793615378014245,📉 MOVING AWAY,58,success
90,839,492,83,55,4565,1.0,📉 MOVING AWAY,100,success
91,841,492,83,55,4565,1.0,📉 MOVING AWAY,100,success
92,841,490,87,58,5046,1.0210733844468785,📈 GETTING CLOSER,42,success
93,844,491,83,55,4565,1.0210733844468785,📈 GETTING CLOSER,42,success
94,846,492,83,55,4565,1.0210733844468785,📈 GETTING CLOSER,42,success
95,846,492,83,55,4565,1.0210733844468785,📈 GETTING CLOSER,42,success
96,847,493,83,55,4565,1.0210733844468785,📈 GETTING CLOSER,42,success
97,848,494,83,55,4565,0.9793615378014245,📉 MOVING AWAY,58,success
98,851,494,83,55,4565,0.9793615378014245,📉 MOVING AWAY,58,success
99,851,494,83,55,4565,0.9793615378014245,📉 MOVING AWAY,58,success
100,853,494,83,55,4565,0.9793615378014245,📉 MOVING AWAY,58,success
101,852,492,87,58,5046,1.0,📉 MOVING AWAY,100,success
102,855,493,83,55,4565,1.0210733844468785,📈 GETTING CLOSER,42,success
103,855,494,83,55,4565,1.0210733844468785,📈 GETTING CLOSER,42,success
104,856,494,83,55,4565,1.0210733844468785,📈 GETTING CLOSER,42,success
105,856,496,83,55,4565,1.0210733844468785,📈 GETTING CLOSER,42,success
106,856,496,83,55,4565,0.9793615378014245,📉 MOVING AWAY,58,success
107,857,497,83,55,4565,0.9793615378014245,📉 MOVING AWAY,58,success
108,858,497,83,55,4565,0.9793615378014245,📉 MOVING AWAY,58,success
109,859,497,83,55,4565,0.9793615378014245,📉 MOVING AWAY,58,success
110,859,496,83,55,4565,0.9793615378014245,📉 MOVING AWAY,58,success
111,861,496,83,55,4565,1.0,📉 MOVING AWAY,100,success
112,862,495,83,55,4565,1.0,📉 MOVING AWAY,100,success
113,861,494,87,58,5046,1.0210733844468785,📈 GETTING CLOSER,42,success
114,862,493,87,58,5046,1.0421467688937567,📈 GETTING CLOSER,84,success
115,863,493,87,58,5046,1.0632201533406354,📈 GETTING CLOSER,100,success
116,861,492,91,61,5551,1.1064184008762323,📈 GETTING CLOSER,100,success
117,863,492,91,61,5551,1.149616648411829,📈 GETTING CLOSER,100,success
118,863,492,91,61,5551,1.147558568608942,📈 GETTING CLOSER,100,success
119,865,493,87,58,5046,1.124353638542061,📈 GETTING CLOSER,100,success
120,865,493,87,58,5046,1.1020685676611175,📈 GETTING CLOSER,100,success
121,864,493,87,58,5046,1.0390433198701194,📈 GETTING CLOSER,78,success
122,864,493,87,58,5046,0.9807545731707317,📉 MOVING AWAY,61,success
123,862,493,87,58,5046,0.9433538979248458,📉 MOVING AWAY,0,success
124,862,493,87,58,5046,0.9433538979248458,📉 MOVING AWAY,0,success
125,861,493,87,58,5046,0.9433538979248458,📉 MOVING AWAY,0,success
126,860,493,87,58,5046,0.9615091463414634,📉 MOVING AWAY,23,success
127,859,492,87,58,5046,0.9803769185933554,📉 MOVING AWAY,60,success
128,857,492,87,58,5046,1.0,📉 MOVING AWAY,100,success
129,855,491,91,61,5551,1.0200158541418947,📈 GETTING CLOSER,40,success
130,855,492,87,58,5046,1.0200158541418947,📈 GETTING CLOSER,40,success
131,854,492,87,58,5046,1.0200158541418947,📈 GETTING CLOSER,40,success
132,851,493,87,58,5046,1.0200158541418947,📈 GETTING CLOSER,40,success
133,850,493,87,58,5046,1.0200158541418947,📈 GETTING CLOSER,40,success
134,850,493,87,58,5046,0.9803769185933554,📉 MOVING AWAY,60,success
135,849,493,87,58,5046,0.9803769185933554,📉 MOVING AWAY,60,success
136,847,493,87,58,5046,0.9803769185933554,📉 MOVING AWAY,60,success
137,846,493,87,58,5046,0.9803769185933554,📉 MOVING AWAY,60,success
138,845,493,87,58,5046,0.9803769185933554,📉 MOVING AWAY,60,success
139,844,493,87,58,5046,1.0,📉 MOVING AWAY,100,success
140,843,493,87,58,5046,1.0,📉 MOVING AWAY,100,success
141,841,492,91,61,5551,1.0200158541418947,📈 GETTING CLOSER,40,success
142,841,492,91,61,5551,1.040031708283789,📈 GETTING CLOSER,80,success
143,839,491,91,61,5551,1.0600475624256838,📈 GETTING CLOSER,100,success
144,837,490,96,64,6144,1.1035671819262782,📈 GETTING CLOSER,100,success
145,836,489,96,64,6144,1.1470868014268727,📈 GETTING CLOSER,100,success
146,836,487,96,64,6144,1.1476199727996892,📈 GETTING CLOSER,100,success
147,838,488,91,61,5551,1.1255335365853658,📈 GETTING CLOSER,100,success
148,836,486,96,64,6144,1.126453542718265,📈 GETTING CLOSER,100,success
149,835,484,96,64,6144,1.0820313902955858,📈 GETTING CLOSER,100,success
150,837,485,91,61,5551,1.0204899623371688,📈 GETTING CLOSER,40,success
151,835,481,96,64,6144,1.0,📉 MOVING AWAY,100,success
152,835,480,96,64,6144,1.0200785535315229,📈 GETTING CLOSER,40,success
153,835,480,96,64,6144,1.0,📉 MOVING AWAY,100,success
154,837,480,91,61,5551,0.9803166594748898,📉 MOVING AWAY,60,success
155,836,478,96,64,6144,1.0200785535315229,📈 GETTING CLOSER,40,success
156,835,476,96,64,6144,1.0200785535315229,📈 GETTING CLOSER,40,success
157,835,476,96,64,6144,1.0,📉 MOVING AWAY,100,success
158,835,476,96,64,6144,1.0,📉 MOVING AWAY,100,success
159,832,474,101,67,6767,1.0612514390194352,📈 GETTING CLOSER,100,success
160,833,474,101,67,6767,1.0610415905997943,📈 GETTING CLOSER,100,success
161,833,473,101,67,6767,1.0817207156371362,📈 GETTING CLOSER,100,success
162,831,471,106,70,7420,1.1240747502240516,📈 GETTING CLOSER,100,success
163,832,469,106,70,7420,1.166428784810967,📈 GETTING CLOSER,100,success
164,835,470,101,67,6767,1.1211753820629804,📈 GETTING CLOSER,100,success
165,833,468,106,70,7420,1.1197522367515487,📈 GETTING CLOSER,100,success
166,833,468,106,70,7420,1.1183835036361962,📈 GETTING CLOSER,100,success
167,835,470,101,67,6767,1.0569614646390078,📈 GETTING CLOSER,100,success
168,833,468,106,70,7420,1.0185822828035629,📈 GETTING CLOSER,37,success
169,836,470,101,67,6767,1.0185822828035629,📈 GETTING CLOSER,37,success
170,834,468,106,70,7420,1.0,📉 MOVING AWAY,100,success
171,837,470,101,67,6767,0.9641671468159245,📉 MOVING AWAY,28,success
172,834,468,106,70,7420,1.0,📉 MOVING AWAY,100,success
173,835,468,106,70,7420,1.0,📉 MOVING AWAY,100,success
174,836,468,106,70,7420,1.018243280996815,📈 GETTING CLOSER,36,success
175,839,470,101,67,6767,1.0,📉 MOVING AWAY,100,success
176,840,470,101,67,6767,1.0185822828035629,📈 GETTING CLOSER,37,success
177,840,471,101,67,6767,0.9817567190031848,📉 MOVING AWAY,63,success
178,841,471,101,67,6767,0.9635134380063698,📉 MOVING AWAY,27,success
179,842,471,101,67,6767,0.928334293631849,📉 MOVING AWAY,0,success
180,842,471,101,67,6767,0.9452701570095546,📉 MOVING AWAY,0,success
181,842,471,101,67,6767,0.9452701570095546,📉 MOVING AWAY,0,success
182,843,471,101,67,6767,0.9628354343928744,📉 MOVING AWAY,25,success
183,843,470,101,67,6767,0.981065877986546,📉 MOVING AWAY,62,success
184,843,470,101,67,6767,1.0,📉 MOVING AWAY,100,success
185,843,470,101,67,6767,1.0,📉 MOVING AWAY,100,success
186,840,467,106,70,7420,1.019299541894488,📈 GETTING CLOSER,38,success
187,841,466,106,70,7420,1.0385990837889758,📈 GETTING CLOSER,77,success
188,842,465,106,70,7420,1.057898625683464,📈 GETTING CLOSER,100,success
189,842,465,106,70,7420,1.0771981675779518,📈 GETTING CLOSER,100,success
190,842,466,106,70,7420,1.0964977094724397,📈 GETTING CLOSER,100,success
191,842,467,106,70,7420,1.0757364880538158,📈 GETTING CLOSER,100,success
192,843,468,106,70,7420,1.0557468484106884,📈 GETTING CLOSER,100,success
193,843,468,106,70,7420,1.03648656199363,📈 GETTING CLOSER,72,success
194,844,469,106,70,7420,1.0179164265920377,📈 GETTING CLOSER,35,success
195,844,469,106,70,7420,1.0,📉 MOVING AWAY,100,success
196,845,469,106,70,7420,1.0,📉 MOVING AWAY,100,success
197,846,469,106,70,7420,1.0,📉 MOVING AWAY,100,success
198,847,469,106,70,7420,1.0,📉 MOVING AWAY,100,success
199,847,469,106,70,7420,1.0,📉 MOVING AWAY,100,success
200,848,469,106,70,7420,1.0,📉 MOVING AWAY,100,success
201,849,469,106,70,7420,1.0,📉 MOVING AWAY,100,success
202,846,467,111,74,8214,1.021401617250674,📈 GETTING CLOSER,42,success
203,848,467,111,74,8214,1.0428032345013478,📈 GETTING CLOSER,85,success
204,849,468,111,74,8214,1.0642048517520215,📈 GETTING CLOSER,100,success
205,849,468,111,74,8214,1.0856064690026954,📈 GETTING CLOSER,100,success
206,850,469,111,74,8214,1.1070080862533693,📈 GETTING CLOSER,100,success
207,851,470,111,74,8214,1.0838127408032934,📈 GETTING CLOSER,100,success
208,852,470,111,74,8214,1.0615694789081886,📈 GETTING CLOSER,100,success
209,853,471,111,74,8214,1.0402208601387974,📈 GETTING CLOSER,80,success
210,852,470,111,74,8214,1.0197139735822822,📈 GETTING CLOSER,39,success
211,851,469,116,78,9048,1.0203067932797663,📈 GETTING CLOSER,40,success
212,852,469,116,78,9048,1.0406135865595325,📈 GETTING CLOSER,81,success
213,849,466,122,81,9882,1.081227173119065,📈 GETTING CLOSER,100,success
214,850,466,122,81,9882,1.1218407596785975,📈 GETTING CLOSER,100,success
215,850,466,122,81,9882,1.16245434623813,📈 GETTING CLOSER,100,success
216,851,466,122,81,9882,1.15922107674685,📈 GETTING CLOSER,100,success
217,853,468,116,78,9048,1.1365997472974871,📈 GETTING CLOSER,100,success
218,854,469,116,78,9048,1.0751249831103904,📈 GETTING CLOSER,100,success
219,853,469,116,78,9048,1.0181013152754266,📈 GETTING CLOSER,36,success
220,854,470,116,78,9048,0.9650622093753927,📉 MOVING AWAY,30,success
221,856,472,111,74,8214,0.9141551383399209,📉 MOVING AWAY,0,success
222,855,473,111,74,8214,0.896986166007905,📉 MOVING AWAY,0,success
223,853,473,111,74,8214,0.8951866281261783,📉 MOVING AWAY,0,success
224,853,474,111,74,8214,0.8933231005372216,📉 MOVING AWAY,0,success
225,849,472,116,78,9048,0.9094934236228676,📉 MOVING AWAY,0,success
226,845,470,122,81,9882,0.9812187542224022,📉 MOVING AWAY,62,success
227,844,471,122,81,9882,1.0382814651611127,📈 GETTING CLOSER,76,success
228,842,471,122,81,9882,1.0975712480696336,📈 GETTING CLOSER,100,success
229,841,471,122,81,9882,1.15922107674685,📈 GETTING CLOSER,100,success
230,840,471,122,81,9882,1.1791237113402062,📈 GETTING CLOSER,100,success
231,835,469,128,86,11008,1.1598274120995136,📈 GETTING CLOSER,100,success
232,835,469,128,86,11008,1.1419540229885057,📈 GETTING CLOSER,100,success
233,829,468,135,90,12150,1.1496972797817002,📈 GETTING CLOSER,100,success
234,826,466,141,94,13254,1.1796360342555994,📈 GETTING CLOSER,100,success
235,827,466,141,94,13254,1.2279700465492815,📈 GETTING CLOSER,100,success
236,828,469,135,90,12150,1.2232072186164318,📈 GETTING CLOSER,100,success
237,826,470,135,90,12150,1.2186520072780769,📈 GETTING CLOSER,100,success
238,826,471,135,90,12150,1.1674021880215093,📈 GETTING CLOSER,100,success
239,822,469,141,94,13254,1.098705106279013,📈 GETTING CLOSER,100,success
240,825,472,135,90,12150,1.0194481985694037,📈 GETTING CLOSER,38,success
241,825,473,135,90,12150,1.0006147275786204,📉 MOVING AWAY,100,success
242,824,473,135,90,12150,0.9824645001429524,📉 MOVING AWAY,64,success
243,823,473,135,90,12150,0.9824645001429524,📉 MOVING AWAY,64,success
244,820,471,141,94,13254,0.9824645001429524,📉 MOVING AWAY,64,success
245,821,470,141,94,13254,1.0178484819090117,📈 GETTING CLOSER,35,success
246,820,471,141,94,13254,1.0356969638180231,📈 GETTING CLOSER,71,success
247,817,469,148,99,14652,1.0761470559705113,📈 GETTING CLOSER,100,success
248,819,470,148,99,14652,1.1165971481229995,📈 GETTING CLOSER,100,success
249,820,470,148,99,14652,1.139198758366476,📈 GETTING CLOSER,100,success
250,816,468,156,104,16224,1.166396645382636,📈 GETTING CLOSER,100,success
251,819,468,156,104,16224,1.192657113421373,📈 GETTING CLOSER,100,success
252,819,468,156,104,16224,1.171444023796647,📈 GETTING CLOSER,100,success
253,818,469,156,104,16224,1.1517678742072799,📈 GETTING CLOSER,100,success
254,818,469,156,104,16224,1.151226158038147,📈 GETTING CLOSER,100,success
255,818,469,156,104,16224,1.1046654138410001,📈 GETTING CLOSER,100,success
256,818,469,156,104,16224,1.0617245170409926,📈 GETTING CLOSER,100,success
257,823,471,148,99,14652,1.0201600492459217,📈 GETTING CLOSER,40,success
258,822,472,148,99,14652,0.9802383466586212,📉 MOVING AWAY,60,success
259,826,474,141,94,13254,0.9246301775147929,📉 MOVING AWAY,0,success
260,826,475,141,94,13254,0.88801775147929,📉 MOVING AWAY,0,success
261,826,474,141,94,13254,0.851405325443787,📉 MOVING AWAY,0,success
262,830,477,135,90,12150,0.8367777945391461,📉 MOVING AWAY,0,success
263,831,478,135,90,12150,0.8215604801477377,📉 MOVING AWAY,0,success
264,833,478,135,90,12150,0.8393728501719863,📉 MOVING AWAY,0,success
265,833,478,135,90,12150,0.8586540063301682,📉 MOVING AWAY,0,success
266,835,478,135,90,12150,0.8795934323690383,📉 MOVING AWAY,0,success
267,835,478,135,90,12150,0.9126554894537589,📉 MOVING AWAY,0,success
268,833,475,141,94,13254,0.9655333895288939,📉 MOVING AWAY,31,success
269,834,475,141,94,13254,1.0,📉 MOVING AWAY,100,success
270,834,475,141,94,13254,1.0356969638180231,📈 GETTING CLOSER,71,success
271,833,473,148,99,14652,1.0957037037037036,📈 GETTING CLOSER,100,success
272,834,473,148,99,14652,1.1368888888888888,📈 GETTING CLOSER,100,success
273,839,476,141,94,13254,1.1165971481229995,📈 GETTING CLOSER,100,success
274,840,476,141,94,13254,1.0970170589917088,📈 GETTING CLOSER,100,success
275,841,476,141,94,13254,1.078111829165496,📈 GETTING CLOSER,100,success
276,840,474,148,99,14652,1.037587885343429,📈 GETTING CLOSER,75,success
277,841,474,148,99,14652,1.0,📉 MOVING AWAY,100,success
278,848,476,141,94,13254,1.0,📉 MOVING AWAY,100,success
279,846,474,148,99,14652,1.0202415081226652,📈 GETTING CLOSER,40,success
280,852,476,141,94,13254,1.0202415081226652,📈 GETTING CLOSER,40,success
281,851,474,148,99,14652,1.0202415081226652,📈 GETTING CLOSER,40,success
282,857,476,141,94,13254,1.0,📉 MOVING AWAY,100,success
283,860,476,141,94,13254,1.0,📉 MOVING AWAY,100,success
284,862,475,141,94,13254,0.9603201634877385,📉 MOVING AWAY,20,success
285,864,475,141,94,13254,0.9603201634877385,📉 MOVING AWAY,20,success
286,872,477,135,90,12150,0.9248126702997276,📉 MOVING AWAY,0,success
287,877,478,128,86,11008,0.9110126545623026,📉 MOVING AWAY,0,success
288,882,479,122,81,9882,0.8621897894767324,📉 MOVING AWAY,0,success
289,885,480,116,78,9048,0.8178459537743098,📉 MOVING AWAY,0,success
290,888,480,116,78,9048,0.7556895430631909,📉 MOVING AWAY,0,success
291,888,477,122,81,9882,0.7499002547340637,📉 MOVING AWAY,0,success
292,891,479,116,78,9048,0.745518118245391,📉 MOVING AWAY,0,success
293,889,474,128,86,11008,0.806643380130315,📉 MOVING AWAY,0,success
294,896,479,116,78,9048,0.8679483936250948,📉 MOVING AWAY,0,success
295,902,479,116,78,9048,0.9393382352941175,📉 MOVING AWAY,0,success
296,901,477,122,81,9882,0.9829336170909387,📉 MOVING AWAY,65,success
297,905,477,122,81,9882,1.0417839174554446,📈 GETTING CLOSER,83,success
298,910,477,122,81,9882,0.993920972644377,📉 MOVING AWAY,87,success
299,910,477,122,81,9882,1.0112836740642046,📈 GETTING CLOSER,22,success
300,912,477,122,81,9882,1.0286463754840323,📈 GETTING CLOSER,57,success
301,918,477,122,81,9882,1.0286463754840323,📈 GETTING CLOSER,57,success
302,919,477,122,81,9882,1.0110911025620037,📈 GETTING CLOSER,22,success
303,926,477,122,81,9882,1.0349377906246073,📈 GETTING CLOSER,69,success
304,926,477,122,81,9882,1.0171689723320156,📈 GETTING CLOSER,34,success
305,932,477,122,81,9882,1.0,📉 MOVING AWAY,100,success
306,934,477,122,81,9882,1.0,📉 MOVING AWAY,100,success
307,939,477,122,81,9882,1.0,📉 MOVING AWAY,100,success
308,940,477,122,81,9882,1.0,📉 MOVING AWAY,100,success
309,945,477,122,81,9882,1.0,📉 MOVING AWAY,100,success
310,947,477,122,81,9882,1.0,📉 MOVING AWAY,100,success
311,951,476,122,81,9882,1.0,📉 MOVING AWAY,100,success
312,955,478,116,78,9048,0.9831208257437767,📉 MOVING AWAY,66,success
313,961,478,116,78,9048,0.9662416514875531,📉 MOVING AWAY,32,success
314,961,478,116,78,9048,0.9493624772313297,📉 MOVING AWAY,0,success
315,962,478,116,78,9048,0.9324833029751062,📉 MOVING AWAY,0,success
316,968,478,116,78,9048,0.9156041287188829,📉 MOVING AWAY,0,success
317,970,478,116,78,9048,0.9313241106719367,📉 MOVING AWAY,0,success
318,976,478,116,78,9048,0.9475933140630891,📉 MOVING AWAY,0,success
319,977,478,116,78,9048,0.9644410335124072,📉 MOVING AWAY,28,success
320,983,478,116,78,9048,0.9818986847245736,📉 MOVING AWAY,63,success
321,983,476,122,81,9882,1.0184350132625994,📈 GETTING CLOSER,36,success
322,986,478,116,78,9048,1.0184350132625994,📈 GETTING CLOSER,36,success
323,988,476,122,81,9882,1.0368700265251989,📈 GETTING CLOSER,73,success
324,990,478,116,78,9048,1.0368700265251989,📈 GETTING CLOSER,73,success
325,988,476,122,81,9882,1.0553050397877983,📈 GETTING CLOSER,100,success
326,992,478,116,78,9048,1.0181013152754266,📈 GETTING CLOSER,36,success
327,991,476,122,81,9882,1.036202630550853,📈 GETTING CLOSER,72,success
328,994,478,116,78,9048,1.0,📉 MOVING AWAY,100,success
329,996,478,116,78,9048,1.0,📉 MOVING AWAY,100,success
330,997,478,116,78,9048,0.9650622093753927,📉 MOVING AWAY,30,success
331,996,476,122,81,9882,1.0,📉 MOVING AWAY,100,success
332,996,476,122,81,9882,0.9825311046876964,📉 MOVING AWAY,65,success
333,998,476,122,81,9882,1.0177794832437963,📈 GETTING CLOSER,35,success
334,999,475,122,81,9882,1.0355589664875928,📈 GETTING CLOSER,71,success
335,1001,475,122,81,9882,1.072405261101706,📈 GETTING CLOSER,100,success
336,1008,477,116,78,9048,1.0355589664875928,📈 GETTING CLOSER,71,success
337,1010,477,116,78,9048,1.0177794832437963,📈 GETTING CLOSER,35,success
338,1011,475,122,81,9882,1.0,📉 MOVING AWAY,100,success
339,1011,475,122,81,9882,0.982831027667984,📉 MOVING AWAY,65,success
340,1012,475,122,81,9882,0.9662416514875531,📉 MOVING AWAY,32,success
341,1014,475,122,81,9882,1.0,📉 MOVING AWAY,100,success
342,1015,475,122,81,9882,1.0349377906246073,📈 GETTING CLOSER,69,success
343,1011,472,128,86,11008,1.0585228938879814,📈 GETTING CLOSER,100,success
344,1011,472,128,86,11008,1.0821079971513552,📈 GETTING CLOSER,100,success
345,1013,474,122,81,9882,1.0821079971513552,📈 GETTING CLOSER,100,success
346,1013,474,122,81,9882,1.0635293148880105,📈 GETTING CLOSER,100,success
347,1013,474,122,81,9882,1.0455778182554138,📈 GETTING CLOSER,91,success
348,1014,474,122,81,9882,1.0,📉 MOVING AWAY,100,success
349,1014,475,122,81,9882,0.95640896597112,📉 MOVING AWAY,12,success
350,1015,475,122,81,9882,0.95640896597112,📉 MOVING AWAY,12,success
351,1016,477,122,81,9882,0.95640896597112,📉 MOVING AWAY,12,success
352,1016,477,122,81,9882,0.95640896597112,📉 MOVING AWAY,12,success
353,1017,478,122,81,9882,0.9777188538863384,📉 MOVING AWAY,55,success
354,1017,477,122,81,9882,1.0,📉 MOVING AWAY,100,success
355,1017,477,122,81,9882,1.0,📉 MOVING AWAY,100,success
356,1018,477,122,81,9882,1.0,📉 MOVING AWAY,100,success
357,1019,477,122,81,9882,1.0,📉 MOVING AWAY,100,success
358,1017,475,128,86,11008,1.022788909127707,📈 GETTING CLOSER,45,success
359,1016,474,128,86,11008,1.0455778182554138,📈 GETTING CLOSER,91,success
360,1012,470,135,90,12150,1.0914794575996762,📈 GETTING CLOSER,100,success
361,1011,470,128,86,11008,1.1142683667273832,📈 GETTING CLOSER,100,success
362,1013,469,128,86,11008,1.13705727585509,📈 GETTING CLOSER,100,success
363,1011,468,128,86,11008,1.1117223365521607,📈 GETTING CLOSER,100,success
364,1012,467,128,86,11008,1.0874917734505052,📈 GETTING CLOSER,100,success
365,1016,470,122,81,9882,0.9997033191173743,📉 MOVING AWAY,99,success
366,1020,471,122,81,9882,0.9588055797733217,📉 MOVING AWAY,17,success
367,1020,471,122,81,9882,0.9195471859314371,📉 MOVING AWAY,0,success
368,1027,475,116,78,9048,0.8846605674415293,📉 MOVING AWAY,0,success
369,1030,474,122,81,9882,0.8646185611049804,📉 MOVING AWAY,0,success
370,1032,474,122,81,9882,0.9009904662981787,📉 MOVING AWAY,0,success
371,1035,473,122,81,9882,0.9202091384405547,📉 MOVING AWAY,0,success
372,1036,473,122,81,9882,0.9402655723742791,📉 MOVING AWAY,0,success
373,1036,473,122,81,9882,0.9941249849100641,📉 MOVING AWAY,88,success
374,1036,473,122,81,9882,1.0171689723320156,📈 GETTING CLOSER,34,success
375,1037,473,122,81,9882,1.0171689723320156,📈 GETTING CLOSER,34,success
376,1038,474,122,81,9882,1.0171689723320156,📈 GETTING CLOSER,34,success
377,1038,476,122,81,9882,1.0171689723320156,📈 GETTING CLOSER,34,success
378,1036,484,122,81,9882,1.0,📉 MOVING AWAY,100,success
379,1034,484,122,81,9882,1.0,📉 MOVING AWAY,100,success
380,1032,491,122,81,9882,1.0,📉 MOVING AWAY,100,success
381,1025,498,122,81,9882,1.0,📉 MOVING AWAY,100,success
382,1019,501,122,81,9882,1.0,📉 MOVING AWAY,100,success
383,1011,504,122,81,9882,1.0,📉 MOVING AWAY,100,success
384,1005,505,122,81,9882,1.0,📉 MOVING AWAY,100,success
385,1000,505,122,81,9882,1.0,📉 MOVING AWAY,100,success
386,991,505,122,81,9882,1.0,📉 MOVING AWAY,100,success
387,984,504,122,81,9882,1.0,📉 MOVING AWAY,100,success
388,974,498,122,81,9882,1.0,📉 MOVING AWAY,100,success
389,963,494,128,86,11008,1.022788909127707,📈 GETTING CLOSER,45,success
390,959,492,128,86,11008,1.0455778182554138,📈 GETTING CLOSER,91,success
391,949,486,122,81,9882,1.0455778182554138,📈 GETTING CLOSER,91,success
392,942,480,122,81,9882,1.0455778182554138,📈 GETTING CLOSER,91,success
393,929,472,122,81,9882,1.0455778182554138,📈 GETTING CLOSER,91,success
394,922,468,122,81,9882,1.0,📉 MOVING AWAY,100,success
395,915,464,128,86,11008,0.9782044829855601,📉 MOVING AWAY,56,success
396,907,460,122,81,9882,0.9782044829855601,📉 MOVING AWAY,56,success
397,901,458,122,81,9882,0.9782044829855601,📉 MOVING AWAY,56,success
398,895,464,122,81,9882,0.9782044829855601,📉 MOVING AWAY,56,success
399,893,471,122,81,9882,1.0,📉 MOVING AWAY,100,success
400,892,473,122,81,9882,0.9777188538863384,📉 MOVING AWAY,55,success
401,888,482,122,81,9882,0.9777188538863384,📉 MOVING AWAY,55,success
402,882,486,128,86,11008,1.0,📉 MOVING AWAY,100,success
403,875,491,128,86,11008,1.0222811461136614,📈 GETTING CLOSER,44,success
404,873,492,128,86,11008,1.044562292227323,📈 GETTING CLOSER,89,success
405,871,493,128,86,11008,1.0911556365108277,📈 GETTING CLOSER,100,success
406,864,494,128,86,11008,1.1139445456385346,📈 GETTING CLOSER,100,success
407,862,496,128,86,11008,1.0891245844546462,📈 GETTING CLOSER,100,success
408,854,496,128,86,11008,1.06538655104332,📈 GETTING CLOSER,100,success
409,849,494,128,86,11008,1.042661210881261,📈 GETTING CLOSER,85,success
410,843,491,135,90,12150,1.0420669955855622,📈 GETTING CLOSER,84,success
411,837,488,128,86,11008,1.020748546511628,📈 GETTING CLOSER,41,success
412,827,483,135,90,12150,1.0414970930232557,📈 GETTING CLOSER,82,success
413,818,475,135,90,12150,1.0622456395348838,📈 GETTING CLOSER,100,success
414,812,473,135,90,12150,1.0829941860465118,📈 GETTING CLOSER,100,success
415,808,469,141,94,13254,1.080630807020042,📈 GETTING CLOSER,100,success
416,801,464,141,94,13254,1.1206080239222527,📈 GETTING CLOSER,100,success
417,798,464,141,94,13254,1.1175423906217292,📈 GETTING CLOSER,100,success
418,797,464,141,94,13254,1.1145965176341806,📈 GETTING CLOSER,100,success
419,797,464,141,94,13254,1.1117635216749429,📈 GETTING CLOSER,100,success
420,799,468,135,90,12150,1.0733627618922126,📈 GETTING CLOSER,100,success
421,802,473,128,86,11008,0.9993964230121668,📉 MOVING AWAY,98,success
422,806,476,122,81,9882,0.9295370110205738,📉 MOVING AWAY,0,success
423,807,481,122,81,9882,0.8620446244974374,📉 MOVING AWAY,0,success
424,808,484,122,81,9882,0.7968009657461897,📉 MOVING AWAY,0,success
425,811,487,116,78,9048,0.7626983396249577,📉 MOVING AWAY,0,success
426,812,489,116,78,9048,0.7587730451366814,📉 MOVING AWAY,0,success
427,812,490,116,78,9048,0.7877342647947874,📉 MOVING AWAY,0,success
428,811,491,116,78,9048,0.8201723155796068,📉 MOVING AWAY,0,success
429,805,489,122,81,9882,0.8725475342777063,📉 MOVING AWAY,0,success
430,805,489,122,81,9882,0.9437849583517767,📉 MOVING AWAY,0,success
431,796,485,128,86,11008,1.023585103263374,📈 GETTING CLOSER,47,success
432,795,485,128,86,11008,1.0835678349108895,📈 GETTING CLOSER,100,success
433,793,483,128,86,11008,1.145722099231671,📈 GETTING CLOSER,100,success
434,792,482,128,86,11008,1.1701610452749924,📈 GETTING CLOSER,100,success
435,792,482,128,86,11008,1.1733606207896308,📈 GETTING CLOSER,100,success
436,792,482,128,86,11008,1.1262994188425963,📈 GETTING CLOSER,100,success
437,790,482,128,86,11008,1.082867710710632,📈 GETTING CLOSER,100,success
438,793,485,122,81,9882,1.0213306054406304,📈 GETTING CLOSER,42,success
439,794,485,122,81,9882,0.9791148866713656,📉 MOVING AWAY,58,success
440,794,485,122,81,9882,0.938626453488372,📉 MOVING AWAY,0,success
441,797,488,116,78,9048,0.903015988372093,📉 MOVING AWAY,0,success
442,801,490,111,74,8214,0.8522529069767443,📉 MOVING AWAY,0,success
443,801,490,111,74,8214,0.8391141447490448,📉 MOVING AWAY,0,success
444,798,488,116,78,9048,0.8412139122527847,📉 MOVING AWAY,0,success
445,799,489,116,78,9048,0.8434052107932329,📉 MOVING AWAY,0,success
446,799,489,116,78,9048,0.8766649229407267,📉 MOVING AWAY,0,success
447,800,489,116,78,9048,0.946661550268611,📉 MOVING AWAY,0,success
448,800,489,116,78,9048,1.0,📉 MOVING AWAY,100,success
449,800,489,116,78,9048,1.0187812457775975,📈 GETTING CLOSER,37,success
450,801,489,116,78,9048,1.0382814651611127,📈 GETTING CLOSER,76,success
451,802,489,116,78,9048,1.0382814651611127,📈 GETTING CLOSER,76,success
452,803,489,116,78,9048,1.0187812457775975,📈 GETTING CLOSER,37,success
453,804,489,116,78,9048,1.0,📉 MOVING AWAY,100,success
454,805,488,116,78,9048,1.0,📉 MOVING AWAY,100,success
455,806,489,116,78,9048,1.0,📉 MOVING AWAY,100,success
456,807,489,116,78,9048,1.0,📉 MOVING AWAY,100,success
457,808,489,116,78,9048,1.0,📉 MOVING AWAY,100,success
458,807,487,122,81,9882,1.0184350132625994,📈 GETTING CLOSER,36,success
459,809,489,116,78,9048,1.0184350132625994,📈 GETTING CLOSER,36,success
460,810,489,116,78,9048,1.0184350132625994,📈 GETTING CLOSER,36,success
461,811,488,116,78,9048,1.0184350132625994,📈 GETTING CLOSER,36,success
462,812,488,116,78,9048,1.0184350132625994,📈 GETTING CLOSER,36,success
463,813,487,116,78,9048,0.9818986847245736,📉 MOVING AWAY,63,success
464,817,489,111,74,8214,0.9637973694491472,📉 MOVING AWAY,27,success
465,815,487,116,78,9048,0.9637973694491472,📉 MOVING AWAY,27,success
466,820,489,111,74,8214,0.9456960541737206,📉 MOVING AWAY,0,success
467,822,489,111,74,8214,0.9275947388982941,📉 MOVING AWAY,0,success
468,824,489,111,74,8214,0.926259946949602,📉 MOVING AWAY,0,success
469,827,491,106,70,7420,0.925775796063595,📉 MOVING AWAY,0,success
470,831,493,101,67,6767,0.8744088636670719,📉 MOVING AWAY,0,success
471,835,495,96,64,6144,0.8436381162214267,📉 MOVING AWAY,0,success
472,836,495,96,64,6144,0.8116664326828583,📉 MOVING AWAY,0,success
473,840,495,96,64,6144,0.7784221076746851,📉 MOVING AWAY,0,success
474,839,494,101,67,6767,0.7775723668207248,📉 MOVING AWAY,0,success
475,843,497,96,64,6144,0.8072059543124984,📉 MOVING AWAY,0,success
476,845,497,96,64,6144,0.8526619331320221,📉 MOVING AWAY,0,success
477,849,498,91,61,5551,0.8864481535933582,📉 MOVING AWAY,0,success
478,851,499,91,61,5551,0.9245225175511205,📉 MOVING AWAY,0,success
479,854,498,91,61,5551,0.9053682037164488,📉 MOVING AWAY,0,success
480,855,498,91,61,5551,0.904444373544332,📉 MOVING AWAY,0,success
481,859,497,91,61,5551,0.8855246785566154,📉 MOVING AWAY,0,success
482,860,496,96,64,6144,0.9218861788617887,📉 MOVING AWAY,0,success
483,862,494,96,64,6144,0.9596776867725569,📉 MOVING AWAY,19,success
484,867,496,91,61,5551,1.0,📉 MOVING AWAY,100,success
485,867,494,96,64,6144,1.0418371666431494,📈 GETTING CLOSER,83,success
486,875,495,91,61,5551,1.0640965591785265,📈 GETTING CLOSER,100,success
487,881,495,91,61,5551,1.0209185833215746,📈 GETTING CLOSER,41,success
488,887,495,91,61,5551,0.9795100376628314,📉 MOVING AWAY,59,success
489,888,493,96,64,6144,1.0,📉 MOVING AWAY,100,success
490,889,493,96,64,6144,0.9799214464684769,📉 MOVING AWAY,59,success
491,896,491,101,67,6767,1.0210943319563892,📈 GETTING CLOSER,42,success
492,905,493,91,61,5551,1.0420165163608721,📈 GETTING CLOSER,84,success
493,914,493,91,61,5551,1.063814025680824,📈 GETTING CLOSER,100,success
494,915,492,96,64,6144,1.0420165163608721,📈 GETTING CLOSER,84,success
495,921,491,96,64,6144,1.0420165163608721,📈 GETTING CLOSER,84,success
496,930,492,91,61,5551,0.9596776867725569,📉 MOVING AWAY,19,success
497,939,494,87,58,5046,0.9429319892562258,📉 MOVING AWAY,0,success
498,945,494,87,58,5046,0.9261862917398945,📉 MOVING AWAY,0,success
499,949,493,91,61,5551,0.9065225320821038,📉 MOVING AWAY,0,success
500,955,494,87,58,5046,0.8701130749079816,📉 MOVING AWAY,0,success
501,961,493,91,61,5551,0.9066721951556616,📉 MOVING AWAY,0,success
502,967,494,87,58,5046,0.9227739485159657,📉 MOVING AWAY,0,success
503,976,495,83,55,4565,0.9222369410332606,📉 MOVING AWAY,0,success
504,977,494,87,58,5046,0.9237691125905333,📉 MOVING AWAY,0,success
505,983,496,83,55,4565,0.9440929878048782,📉 MOVING AWAY,0,success
506,992,497,79,53,4187,0.8921112804878049,📉 MOVING AWAY,0,success
507,991,497,79,53,4187,0.859375,📉 MOVING AWAY,0,success
508,996,497,79,53,4187,0.860747699833068,📉 MOVING AWAY,0,success
509,998,497,79,53,4187,0.8439455135820069,📉 MOVING AWAY,0,success
510,998,496,79,53,4187,0.8450732652484559,📉 MOVING AWAY,0,success
511,998,495,83,55,4565,0.9104617882011192,📉 MOVING AWAY,0,success
512,997,493,87,58,5046,0.9832372505543236,📉 MOVING AWAY,66,success
513,996,492,91,61,5551,1.0615190330146131,📈 GETTING CLOSER,100,success
514,994,490,96,64,6144,1.1961244310983907,📈 GETTING CLOSER,100,success
515,996,491,91,61,5551,1.282875567231908,📈 GETTING CLOSER,100,success
516,995,492,91,61,5551,1.3063857739407874,📈 GETTING CLOSER,100,success
517,993,490,96,64,6144,1.3052949666245717,📈 GETTING CLOSER,100,success
518,994,491,91,61,5551,1.2296481985044188,📈 GETTING CLOSER,100,success
519,991,490,96,64,6144,1.1352528144980973,📈 GETTING CLOSER,100,success
520,992,491,91,61,5551,1.0775961574263693,📈 GETTING CLOSER,100,success
521,989,490,96,64,6144,1.0607333979815392,📈 GETTING CLOSER,100,success
522,990,492,91,61,5551,1.0,📉 MOVING AWAY,100,success
523,987,490,96,64,6144,1.0204899623371688,📈 GETTING CLOSER,40,success
524,989,492,91,61,5551,1.0,📉 MOVING AWAY,100,success
525,986,490,96,64,6144,1.0204899623371688,📈 GETTING CLOSER,40,success
526,987,492,91,61,5551,0.9799214464684769,📉 MOVING AWAY,59,success
527,984,490,96,64,6144,1.0204899623371688,📈 GETTING CLOSER,40,success
528,985,491,91,61,5551,0.9799214464684769,📉 MOVING AWAY,59,success
529,983,490,96,64,6144,1.0204899623371688,📈 GETTING CLOSER,40,success
530,984,491,91,61,5551,0.9799214464684769,📉 MOVING AWAY,59,success
531,982,491,91,61,5551,1.0,📉 MOVING AWAY,100,success
532,981,491,91,61,5551,0.959842892936954,📉 MOVING AWAY,19,success
533,977,490,96,64,6144,1.0,📉 MOVING AWAY,100,success
534,976,489,96,64,6144,0.9799214464684769,📉 MOVING AWAY,59,success
535,976,489,96,64,6144,1.0204899623371688,📈 GETTING CLOSER,40,success
536,974,489,96,64,6144,1.0409799246743374,📈 GETTING CLOSER,81,success
537,974,489,96,64,6144,1.0836743332862988,📈 GETTING CLOSER,100,success
538,968,487,101,67,6767,1.0829964410352098,📈 GETTING CLOSER,100,success
539,969,487,101,67,6767,1.104522995058913,📈 GETTING CLOSER,100,success
540,968,486,101,67,6767,1.1034401029322136,📈 GETTING CLOSER,100,success
541,965,483,106,70,7420,1.1240747502240516,📈 GETTING CLOSER,100,success
542,967,484,101,67,6767,1.1226562500000001,📈 GETTING CLOSER,100,success
543,966,484,101,67,6767,1.1003413840410936,📈 GETTING CLOSER,100,success
544,965,484,101,67,6767,1.0788963273478072,📈 GETTING CLOSER,100,success
545,963,481,106,70,7420,1.0783086317469084,📈 GETTING CLOSER,100,success
546,963,480,106,70,7420,1.037679019636793,📈 GETTING CLOSER,75,success
547,962,480,106,70,7420,1.0378682440269078,📈 GETTING CLOSER,75,success
548,962,480,106,70,7420,1.0568023660403618,📈 GETTING CLOSER,100,success
549,961,480,106,70,7420,1.0757364880538158,📈 GETTING CLOSER,100,success
550,961,480,106,70,7420,1.0557468484106884,📈 GETTING CLOSER,100,success
551,962,482,101,67,6767,1.0371645656071256,📈 GETTING CLOSER,74,success
552,961,483,101,67,6767,1.0,📉 MOVING AWAY,100,success
553,962,483,101,67,6767,0.9641671468159245,📉 MOVING AWAY,28,success
554,961,483,101,67,6767,0.9295956873315364,📉 MOVING AWAY,0,success
555,961,483,101,67,6767,0.9119946091644204,📉 MOVING AWAY,0,success
556,962,483,101,67,6767,0.928334293631849,📉 MOVING AWAY,0,success
557,963,483,101,67,6767,0.9452701570095546,📉 MOVING AWAY,0,success
558,960,481,106,70,7420,0.9814177171964373,📉 MOVING AWAY,62,success
559,960,481,106,70,7420,1.0189341220134538,📈 GETTING CLOSER,37,success
560,961,481,106,70,7420,1.057898625683464,📈 GETTING CLOSER,100,success
561,961,482,106,70,7420,1.0771981675779518,📈 GETTING CLOSER,100,success
562,963,484,101,67,6767,1.0771981675779518,📈 GETTING CLOSER,100,success
563,964,484,101,67,6767,1.0378682440269078,📈 GETTING CLOSER,75,success
564,965,485,101,67,6767,1.0,📉 MOVING AWAY,100,success
565,965,485,101,67,6767,0.9635134380063698,📉 MOVING AWAY,27,success
566,964,484,106,70,7420,0.9462507202238868,📉 MOVING AWAY,0,success
567,967,485,101,67,6767,0.9462507202238868,📉 MOVING AWAY,0,success
568,970,487,96,64,6144,0.9461082863049672,📉 MOVING AWAY,0,success
569,970,488,96,64,6144,0.9459605588913235,📉 MOVING AWAY,0,success
570,970,488,96,64,6144,0.9458072372999304,📉 MOVING AWAY,0,success
571,970,487,101,67,6767,0.9268731152864764,📉 MOVING AWAY,0,success
572,969,486,106,70,7420,0.9458072372999304,📉 MOVING AWAY,0,success
573,973,487,101,67,6767,0.9816034253654214,📉 MOVING AWAY,63,success
574,975,488,101,67,6767,1.0187413513025692,📈 GETTING CLOSER,37,success
575,975,488,101,67,6767,1.0572978938655384,📈 GETTING CLOSER,100,success
576,975,487,106,70,7420,1.0993242820496778,📈 GETTING CLOSER,100,success
577,977,489,101,67,6767,1.0572978938655384,📈 GETTING CLOSER,100,success
578,979,490,101,67,6767,1.037482702605138,📈 GETTING CLOSER,74,success
579,980,490,101,67,6767,1.0183965746345784,📈 GETTING CLOSER,36,success
580,979,491,101,67,6767,1.0,📉 MOVING AWAY,100,success
581,983,493,96,64,6144,0.9451068552403176,📉 MOVING AWAY,0,success
582,985,495,91,61,5551,0.9277429830665738,📉 MOVING AWAY,0,success
583,987,495,91,61,5551,0.8924843423799582,📉 MOVING AWAY,0,success
584,987,495,91,61,5551,0.8572257016933426,📉 MOVING AWAY,0,success
585,986,494,96,64,6144,0.839161447459986,📉 MOVING AWAY,0,success
586,988,496,91,61,5551,0.8535469107551489,📉 MOVING AWAY,0,success
587,988,496,91,61,5551,0.8859857482185274,📉 MOVING AWAY,0,success
588,988,497,91,61,5551,0.9209876543209877,📉 MOVING AWAY,0,success
589,988,497,91,61,5551,0.9588688946015425,📉 MOVING AWAY,17,success
590,986,496,96,64,6144,0.9795100376628314,📉 MOVING AWAY,59,success
591,984,497,96,64,6144,1.0209185833215746,📈 GETTING CLOSER,41,success
592,983,497,96,64,6144,1.0418371666431494,📈 GETTING CLOSER,83,success
593,982,497,96,64,6144,1.062755749964724,📈 GETTING CLOSER,100,success
594,978,495,101,67,6767,1.1056511923239736,📈 GETTING CLOSER,100,success
595,977,495,101,67,6767,1.127628051361648,📈 GETTING CLOSER,100,success
596,970,493,106,70,7420,1.1486126947928543,📈 GETTING CLOSER,100,success
597,970,494,101,67,6767,1.1466445452698584,📈 GETTING CLOSER,100,success
598,964,493,106,70,7420,1.166428784810967,📈 GETTING CLOSER,100,success
599,960,492,106,70,7420,1.1420093800848674,📈 GETTING CLOSER,100,success
600,960,493,101,67,6767,1.1197522367515487,📈 GETTING CLOSER,100,success
601,954,491,106,70,7420,1.0767703507610855,📈 GETTING CLOSER,100,success
602,950,491,106,70,7420,1.0762439096412224,📈 GETTING CLOSER,100,success
603,944,490,106,70,7420,1.0371645656071256,📈 GETTING CLOSER,74,success
604,940,489,106,70,7420,1.018243280996815,📈 GETTING CLOSER,36,success
605,941,490,101,67,6767,1.018243280996815,📈 GETTING CLOSER,36,success
606,928,487,111,74,8214,1.0404257696820696,📈 GETTING CLOSER,80,success
607,925,487,111,74,8214,1.0435701155101929,📈 GETTING CLOSER,87,success
608,918,487,111,74,8214,1.0653551732652895,📈 GETTING CLOSER,100,success
609,913,487,111,74,8214,1.087140231020386,📈 GETTING CLOSER,100,success
610,908,486,116,78,9048,1.1497242571405053,📈 GETTING CLOSER,100,success
611,901,487,111,74,8214,1.1252114604870975,📈 GETTING CLOSER,100,success
612,902,489,106,70,7420,1.0808465886683318,📈 GETTING CLOSER,100,success
613,895,488,106,70,7420,1.0382961188802184,📈 GETTING CLOSER,76,success
614,890,488,106,70,7420,0.9974509754435554,📉 MOVING AWAY,94,success
615,886,488,106,70,7420,0.9043050782741505,📉 MOVING AWAY,0,success
616,880,488,106,70,7420,0.8853570064910272,📉 MOVING AWAY,0,success
617,880,488,106,70,7420,0.9024568231573826,📉 MOVING AWAY,0,success
618,872,486,111,74,8214,0.9399245956940173,📉 MOVING AWAY,0,success
619,866,483,116,78,9048,1.0,📉 MOVING AWAY,100,success
620,865,483,116,78,9048,1.0859238929645854,📈 GETTING CLOSER,100,success
621,857,480,122,81,9882,1.1755256064690027,📈 GETTING CLOSER,100,success
622,860,482,116,78,9048,1.2194070080862534,📈 GETTING CLOSER,100,success
623,858,481,116,78,9048,1.2158653084921094,📈 GETTING CLOSER,100,success
624,857,481,116,78,9048,1.1657810839532412,📈 GETTING CLOSER,100,success
625,853,479,122,81,9882,1.1399270959902794,📈 GETTING CLOSER,100,success
626,846,475,128,86,11008,1.1013941117123727,📈 GETTING CLOSER,100,success
627,847,476,122,81,9882,1.0801945181255526,📈 GETTING CLOSER,100,success
628,845,475,122,81,9882,1.0787428918696012,📈 GETTING CLOSER,100,success
629,841,472,128,86,11008,1.1212831531883491,📈 GETTING CLOSER,100,success
630,839,471,128,86,11008,1.1253517523663341,📈 GETTING CLOSER,100,success
631,836,470,128,86,11008,1.0989715618103844,📈 GETTING CLOSER,100,success
632,838,471,122,81,9882,1.0802160923303594,📈 GETTING CLOSER,100,success
633,833,471,122,81,9882,1.0620900567381595,📈 GETTING CLOSER,100,success
634,833,471,122,81,9882,1.0,📉 MOVING AWAY,100,success
635,832,470,122,81,9882,0.9573387891187392,📉 MOVING AWAY,14,success
636,833,473,116,78,9048,0.9202091384405547,📉 MOVING AWAY,0,success
637,833,474,116,78,9048,0.9044100932030006,📉 MOVING AWAY,0,success
638,835,478,111,74,8214,0.8728120027278926,📉 MOVING AWAY,0,success
639,834,479,111,74,8214,0.8595486043900741,📉 MOVING AWAY,0,success
640,834,481,111,74,8214,0.8456941586195978,📉 MOVING AWAY,0,success
641,834,483,111,74,8214,0.8626482213438734,📉 MOVING AWAY,0,success
642,833,484,111,74,8214,0.860248837501571,📉 MOVING AWAY,0,success
643,832,485,111,74,8214,0.8913921083474411,📉 MOVING AWAY,0,success
644,832,486,111,74,8214,0.9248750168896095,📉 MOVING AWAY,0,success
645,831,486,111,74,8214,0.9609715007721465,📉 MOVING AWAY,21,success
646,829,485,116,78,9048,1.0,📉 MOVING AWAY,100,success
647,829,487,116,78,9048,1.0406135865595325,📈 GETTING CLOSER,81,success
648,829,488,116,78,9048,1.0609203798392988,📈 GETTING CLOSER,100,success
649,825,486,122,81,9882,1.1015339663988313,📈 GETTING CLOSER,100,success
650,825,485,122,81,9882,1.1421475529583638,📈 GETTING CLOSER,100,success
651,828,488,116,78,9048,1.1194158075601377,📈 GETTING CLOSER,100,success
652,828,488,116,78,9048,1.0975712480696336,📈 GETTING CLOSER,100,success
653,831,491,111,74,8214,1.057422197741669,📈 GETTING CLOSER,100,success
654,829,490,116,78,9048,1.0,📉 MOVING AWAY,100,success
655,830,490,116,78,9048,0.946661550268611,📉 MOVING AWAY,0,success
656,827,487,122,81,9882,0.9644410335124072,📉 MOVING AWAY,28,success
657,827,486,122,81,9882,0.9822205167562035,📉 MOVING AWAY,64,success
658,831,488,116,78,9048,1.0181013152754266,📈 GETTING CLOSER,36,success
659,832,488,116,78,9048,1.0368700265251989,📈 GETTING CLOSER,73,success
660,833,489,116,78,9048,1.0563437373327929,📈 GETTING CLOSER,100,success
661,833,488,116,78,9048,1.0184350132625994,📈 GETTING CLOSER,36,success
662,833,490,116,78,9048,0.9818986847245736,📉 MOVING AWAY,63,success
663,832,490,116,78,9048,0.9644410335124072,📉 MOVING AWAY,28,success
664,832,490,116,78,9048,0.9644410335124072,📉 MOVING AWAY,28,success
665,834,492,111,74,8214,0.946661550268611,📉 MOVING AWAY,0,success
666,830,489,116,78,9048,0.9637973694491472,📉 MOVING AWAY,27,success
667,833,490,111,74,8214,0.963129973474801,📉 MOVING AWAY,26,success
668,835,490,111,74,8214,0.9446949602122017,📉 MOVING AWAY,0,success
669,836,489,111,74,8214,0.926259946949602,📉 MOVING AWAY,0,success
670,839,489,111,74,8214,0.9436562626672069,📉 MOVING AWAY,0,success
671,848,493,106,70,7420,0.9069945502859973,📉 MOVING AWAY,0,success
672,849,492,106,70,7420,0.9061323785917562,📉 MOVING AWAY,0,success
673,855,492,106,70,7420,0.905236557630212,📉 MOVING AWAY,0,success
674,855,492,106,70,7420,0.9043050782741505,📉 MOVING AWAY,0,success
675,857,492,106,70,7420,0.8853570064910272,📉 MOVING AWAY,0,success
676,857,492,106,70,7420,0.921144105670871,📉 MOVING AWAY,0,success
677,858,493,106,70,7420,0.939668709791804,📉 MOVING AWAY,0,success
678,859,493,106,70,7420,0.9589536807278742,📉 MOVING AWAY,17,success
679,860,493,106,70,7420,0.9790468147991767,📉 MOVING AWAY,58,success
680,862,494,101,67,6767,0.982398921832884,📉 MOVING AWAY,64,success
681,861,493,106,70,7420,0.982398921832884,📉 MOVING AWAY,64,success
682,861,493,106,70,7420,0.982398921832884,📉 MOVING AWAY,64,success
683,862,492,106,70,7420,0.982398921832884,📉 MOVING AWAY,64,success
684,863,491,106,70,7420,0.982398921832884,📉 MOVING AWAY,64,success
685,863,491,106,70,7420,1.0179164265920377,📈 GETTING CLOSER,35,success
686,864,489,106,70,7420,1.0179164265920377,📈 GETTING CLOSER,35,success
687,866,488,106,70,7420,1.0179164265920377,📈 GETTING CLOSER,35,success
688,864,485,111,74,8214,1.0397014843471342,📈 GETTING CLOSER,79,success
689,869,487,106,70,7420,1.0397014843471342,📈 GETTING CLOSER,79,success
690,870,486,106,70,7420,1.021401617250674,📈 GETTING CLOSER,42,success
691,873,485,106,70,7420,1.021401617250674,📈 GETTING CLOSER,42,success
692,874,485,106,70,7420,1.021401617250674,📈 GETTING CLOSER,42,success
693,876,484,106,70,7420,0.9790468147991767,📉 MOVING AWAY,58,success
694,877,483,106,70,7420,0.9790468147991767,📉 MOVING AWAY,58,success
695,880,484,101,67,6767,0.9618145352826304,📉 MOVING AWAY,23,success
696,880,484,101,67,6767,0.9445822557660843,📉 MOVING AWAY,0,success
697,880,483,101,67,6767,0.9273499762495382,📉 MOVING AWAY,0,success
698,876,481,101,67,6767,0.9295956873315364,📉 MOVING AWAY,0,success
699,877,481,101,67,6767,0.9119946091644204,📉 MOVING AWAY,0,success
700,874,479,106,70,7420,0.9462507202238868,📉 MOVING AWAY,0,success
701,869,478,106,70,7420,0.9817567190031848,📉 MOVING AWAY,63,success
702,870,478,106,70,7420,1.0185822828035629,📈 GETTING CLOSER,37,success
703,867,478,106,70,7420,1.0568023660403618,📈 GETTING CLOSER,100,success
704,869,479,101,67,6767,1.0771981675779518,📈 GETTING CLOSER,100,success
705,868,480,101,67,6767,1.0378682440269078,📈 GETTING CLOSER,75,success
706,866,481,101,67,6767,1.0,📉 MOVING AWAY,100,success
707,865,483,96,64,6144,0.9461082863049672,📉 MOVING AWAY,0,success
708,862,483,96,64,6144,0.8941476664746071,📉 MOVING AWAY,0,success
709,861,483,96,64,6144,0.877054352895986,📉 MOVING AWAY,0,success
710,861,484,91,61,5551,0.8590825277979549,📉 MOVING AWAY,0,success
711,855,484,91,61,5551,0.8404427876269884,📉 MOVING AWAY,0,success
712,852,483,96,64,6144,0.8721098479255869,📉 MOVING AWAY,0,success
713,846,483,96,64,6144,0.9062567123876154,📉 MOVING AWAY,0,success
714,845,483,96,64,6144,0.9239191641118689,📉 MOVING AWAY,0,success
715,843,483,96,64,6144,0.9797398373983739,📉 MOVING AWAY,59,success
716,838,483,96,64,6144,1.040157107063046,📈 GETTING CLOSER,80,success
717,839,484,91,61,5551,1.0200785535315229,📈 GETTING CLOSER,40,success
718,835,483,96,64,6144,1.0200785535315229,📈 GETTING CLOSER,40,success
719,836,484,91,61,5551,1.0,📉 MOVING AWAY,100,success
720,835,485,91,61,5551,0.9606333189497793,📉 MOVING AWAY,21,success
721,834,485,91,61,5551,0.9227864583333334,📉 MOVING AWAY,0,success
722,834,485,91,61,5551,0.940949978424669,📉 MOVING AWAY,0,success
723,834,485,91,61,5551,0.9212666378995585,📉 MOVING AWAY,0,success
724,834,485,91,61,5551,0.939764339405431,📉 MOVING AWAY,0,success
725,835,485,91,61,5551,0.9590200753256626,📉 MOVING AWAY,18,success
726,834,485,91,61,5551,0.9790814166784252,📉 MOVING AWAY,58,success
727,833,485,91,61,5551,0.9790814166784252,📉 MOVING AWAY,58,success
728,828,485,91,61,5551,1.0,📉 MOVING AWAY,100,success
729,825,484,96,64,6144,1.0213655197261755,📈 GETTING CLOSER,42,success
730,825,485,91,61,5551,1.0213655197261755,📈 GETTING CLOSER,42,success
731,821,486,91,61,5551,1.0213655197261755,📈 GETTING CLOSER,42,success
732,820,486,91,61,5551,1.0213655197261755,📈 GETTING CLOSER,42,success
733,817,487,87,58,5046,1.0031705998919114,📈 GETTING CLOSER,6,success
734,817,488,87,58,5046,0.9434528009030619,📉 MOVING AWAY,0,success
735,816,488,87,58,5046,0.9256384930153803,📉 MOVING AWAY,0,success
736,811,489,87,58,5046,0.9078241851276986,📉 MOVING AWAY,0,success
737,809,488,91,61,5551,0.9078241851276986,📉 MOVING AWAY,0,success
738,805,488,91,61,5551,0.9424271809790611,📉 MOVING AWAY,0,success
739,806,490,87,58,5046,0.9811179659749486,📉 MOVING AWAY,62,success
740,802,489,91,61,5551,1.0192454268292683,📈 GETTING CLOSER,38,success
741,800,489,91,61,5551,1.058869244219934,📈 GETTING CLOSER,100,success
742,799,490,91,61,5551,1.058869244219934,📈 GETTING CLOSER,100,success
743,799,491,91,61,5551,1.0384908536585367,📈 GETTING CLOSER,76,success
744,801,493,87,58,5046,1.0384908536585367,📈 GETTING CLOSER,76,success
745,799,492,91,61,5551,1.0188820340250515,📈 GETTING CLOSER,37,success
746,802,495,87,58,5046,0.9814678899082568,📉 MOVING AWAY,62,success
747,803,495,87,58,5046,0.9629357798165138,📉 MOVING AWAY,25,success
748,803,496,87,58,5046,0.9444036697247706,📉 MOVING AWAY,0,success
749,802,495,91,61,5551,0.9629357798165138,📉 MOVING AWAY,25,success
750,802,495,91,61,5551,0.9629357798165138,📉 MOVING AWAY,25,success
751,804,497,87,58,5046,0.9811179659749486,📉 MOVING AWAY,62,success
752,805,497,87,58,5046,1.0,📉 MOVING AWAY,100,success
753,806,497,87,58,5046,1.0196230814066447,📈 GETTING CLOSER,39,success
754,806,496,87,58,5046,0.9807545731707317,📉 MOVING AWAY,61,success
755,809,498,83,55,4565,0.9431783536585366,📉 MOVING AWAY,0,success
756,810,498,83,55,4565,0.9248475609756098,📉 MOVING AWAY,0,success
757,809,497,87,58,5046,0.9248475609756098,📉 MOVING AWAY,0,success
758,812,499,83,55,4565,0.9065167682926829,📉 MOVING AWAY,0,success
759,816,501,79,53,4187,0.8909267534486109,📉 MOVING AWAY,0,success
760,814,500,83,55,4565,0.9264212695462444,📉 MOVING AWAY,0,success
761,819,499,83,55,4565,0.9447832536673809,📉 MOVING AWAY,0,success
762,819,499,83,55,4565,0.9249629141255974,📉 MOVING AWAY,0,success
763,824,499,83,55,4565,0.9436667087064363,📉 MOVING AWAY,0,success
764,822,498,87,58,5046,1.0164863921842289,📈 GETTING CLOSER,32,success
765,824,498,87,58,5046,1.0374651081646893,📈 GETTING CLOSER,74,success
766,829,497,87,58,5046,1.05844382414515,📈 GETTING CLOSER,100,success
767,830,497,87,58,5046,1.102552679645387,📈 GETTING CLOSER,100,success
768,835,496,87,58,5046,1.12398093286408,📈 GETTING CLOSER,100,success
769,836,496,87,58,5046,1.0825538487943018,📈 GETTING CLOSER,100,success
770,840,496,87,58,5046,1.0606633875646363,📈 GETTING CLOSER,100,success
771,842,496,87,58,5046,1.0396406790835668,📈 GETTING CLOSER,79,success
772,845,496,87,58,5046,1.0194351286920684,📈 GETTING CLOSER,38,success
773,849,496,87,58,5046,1.0,📉 MOVING AWAY,100,success
774,850,496,87,58,5046,1.0,📉 MOVING AWAY,100,success
775,854,497,83,55,4565,0.9809353943717797,📉 MOVING AWAY,61,success
776,854,496,87,58,5046,0.9809353943717797,📉 MOVING AWAY,61,success
777,858,496,87,58,5046,0.9809353943717797,📉 MOVING AWAY,61,success
778,860,496,87,58,5046,0.9809353943717797,📉 MOVING AWAY,61,success
779,863,496,87,58,5046,0.9809353943717797,📉 MOVING AWAY,61,success
780,866,497,83,55,4565,1.0,📉 MOVING AWAY,100,success
781,869,495,87,58,5046,1.0,📉 MOVING AWAY,100,success
782,870,495,87,58,5046,1.0,📉 MOVING AWAY,100,success
783,875,495,87,58,5046,1.0,📉 MOVING AWAY,100,success
784,877,496,83,55,4565,0.9805648713079317,📉 MOVING AWAY,61,success
785,878,496,83,55,4565,0.9805648713079317,📉 MOVING AWAY,61,success
786,882,495,83,55,4565,0.9611297426158631,📉 MOVING AWAY,22,success
787,884,496,83,55,4565,0.9416946139237948,📉 MOVING AWAY,0,success
788,891,497,79,53,4187,0.9069861408541758,📉 MOVING AWAY,0,success
789,893,499,75,50,3750,0.891379594527773,📉 MOVING AWAY,0,success
790,894,499,75,50,3750,0.8577962749299488,📉 MOVING AWAY,0,success
791,898,499,75,50,3750,0.8408794719804936,📉 MOVING AWAY,0,success
792,899,499,75,50,3750,0.823264395434652,📉 MOVING AWAY,0,success
793,905,499,75,50,3750,0.8353009310821046,📉 MOVING AWAY,0,success
794,905,499,75,50,3750,0.8667714497041421,📉 MOVING AWAY,0,success
795,909,498,75,50,3750,0.9007061536244416,📉 MOVING AWAY,0,success
796,910,497,79,53,4187,0.9592540745925408,📉 MOVING AWAY,18,success
797,914,498,75,50,3750,1.0,📉 MOVING AWAY,100,success
798,919,498,75,50,3750,1.0233066666666666,📈 GETTING CLOSER,46,success
799,921,497,75,50,3750,1.0233066666666666,📈 GETTING CLOSER,46,success
800,924,498,71,48,3408,1.0050666666666668,📈 GETTING CLOSER,10,success
801,929,498,71,48,3408,0.9415750247563454,📉 MOVING AWAY,0,success
802,931,498,71,48,3408,0.9237504560379424,📉 MOVING AWAY,0,success
803,936,498,71,48,3408,0.9059258873195393,📉 MOVING AWAY,0,success
804,940,499,68,45,3060,0.8699640381508313,📉 MOVING AWAY,0,success
805,940,498,71,48,3408,0.8857521889095251,📉 MOVING AWAY,0,success
806,945,498,71,48,3408,0.9239455330454999,📉 MOVING AWAY,0,success
807,950,499,68,45,3060,0.9221394719025051,📉 MOVING AWAY,0,success
808,954,500,68,45,3060,0.9202623403520883,📉 MOVING AWAY,0,success
809,955,500,68,45,3060,0.9583033788641264,📉 MOVING AWAY,16,success
810,956,500,71,48,3408,0.9583033788641264,📉 MOVING AWAY,16,success
811,958,498,75,50,3750,0.9787922358015816,📉 MOVING AWAY,57,success
812,960,499,71,48,3408,1.0209251101321586,📈 GETTING CLOSER,41,success
813,964,499,71,48,3408,1.0648912228057015,📈 GETTING CLOSER,100,success
814,964,498,71,48,3408,1.0866466616654165,📈 GETTING CLOSER,100,success
815,966,497,71,48,3408,1.0866466616654165,📈 GETTING CLOSER,100,success
816,968,497,71,48,3408,1.0429673154608887,📈 GETTING CLOSER,85,success
817,968,497,71,48,3408,1.021215390147429,📈 GETTING CLOSER,42,success
818,969,497,71,48,3408,1.0003522367030644,📉 MOVING AWAY,100,success
819,969,497,71,48,3408,0.9803244735933724,📉 MOVING AWAY,60,success
820,969,497,71,48,3408,0.9803244735933724,📉 MOVING AWAY,60,success
821,968,498,71,48,3408,1.0,📉 MOVING AWAY,100,success
822,968,498,71,48,3408,1.0,📉 MOVING AWAY,100,success
823,967,498,71,48,3408,1.0,📉 MOVING AWAY,100,success
824,967,498,71,48,3408,1.0,📉 MOVING AWAY,100,success
825,967,498,71,48,3408,1.0,📉 MOVING AWAY,100,success
826,965,498,71,48,3408,1.0,📉 MOVING AWAY,100,success
827,964,498,71,48,3408,1.0,📉 MOVING AWAY,100,success
828,963,498,71,48,3408,1.0,📉 MOVING AWAY,100,success
829,962,498,71,48,3408,1.0,📉 MOVING AWAY,100,success
830,961,498,71,48,3408,1.0,📉 MOVING AWAY,100,success
831,959,498,71,48,3408,1.0,📉 MOVING AWAY,100,success
832,958,498,71,48,3408,1.0,📉 MOVING AWAY,100,success
833,956,497,71,48,3408,1.0,📉 MOVING AWAY,100,success
834,954,497,71,48,3408,1.0,📉 MOVING AWAY,100,success
835,953,497,71,48,3408,1.0,📉 MOVING AWAY,100,success
836,950,497,71,48,3408,1.0,📉 MOVING AWAY,100,success
837,949,497,71,48,3408,1.0,📉 MOVING AWAY,100,success
838,947,497,71,48,3408,1.0,📉 MOVING AWAY,100,success
839,945,497,71,48,3408,1.0,📉 MOVING AWAY,100,success
840,944,497,71,48,3408,1.0,📉 MOVING AWAY,100,success
841,942,497,71,48,3408,1.0,📉 MOVING AWAY,100,success
842,941,496,71,48,3408,1.0,📉 MOVING AWAY,100,success
843,937,495,75,50,3750,1.0200704225352113,📈 GETTING CLOSER,40,success
844,937,494,75,50,3750,1.0401408450704226,📈 GETTING CLOSER,80,success
845,936,493,75,50,3750,1.0602112676056337,📈 GETTING CLOSER,100,success
846,936,492,75,50,3750,1.080281690140845,📈 GETTING CLOSER,100,success
847,934,491,75,50,3750,1.1003521126760563,📈 GETTING CLOSER,100,success
848,935,490,75,50,3750,1.0787021056265103,📈 GETTING CLOSER,100,success
849,934,489,75,50,3750,1.0578876100203114,📈 GETTING CLOSER,100,success
850,934,489,75,50,3750,1.0378611756891398,📈 GETTING CLOSER,75,success
851,931,486,79,53,4187,1.0423185571490656,📈 GETTING CLOSER,84,success
852,931,485,79,53,4187,1.0466133333333334,📈 GETTING CLOSER,93,success
853,931,483,79,53,4187,1.06992,📈 GETTING CLOSER,100,success
854,931,482,79,53,4187,1.0932266666666668,📈 GETTING CLOSER,100,success
855,930,482,79,53,4187,1.1165333333333334,📈 GETTING CLOSER,100,success
856,933,480,75,50,3750,1.0683275134205452,📈 GETTING CLOSER,100,success
857,931,479,75,50,3750,1.0222686506318792,📈 GETTING CLOSER,44,success
858,929,478,79,53,4187,1.0,📉 MOVING AWAY,100,success
859,930,479,75,50,3750,0.9573616938237877,📉 MOVING AWAY,14,success
860,930,479,75,50,3750,0.9165034631000717,📉 MOVING AWAY,0,success
861,928,479,75,50,3750,0.9360425407356815,📉 MOVING AWAY,0,success
862,927,479,75,50,3750,0.9564328797168636,📉 MOVING AWAY,12,success
863,925,478,79,53,4187,0.9564328797168636,📉 MOVING AWAY,12,success
864,924,477,79,53,4187,1.0,📉 MOVING AWAY,100,success
865,924,478,79,53,4187,1.0455516756136967,📈 GETTING CLOSER,91,success
866,924,477,79,53,4187,1.0683275134205452,📈 GETTING CLOSER,100,success
867,924,476,79,53,4187,1.0911033512273935,📈 GETTING CLOSER,100,success
868,925,474,79,53,4187,1.0911033512273935,📈 GETTING CLOSER,100,success
869,926,473,79,53,4187,1.0668059518956379,📈 GETTING CLOSER,100,success
870,926,473,79,53,4187,1.0435671202831365,📈 GETTING CLOSER,87,success
871,927,470,79,53,4187,1.021319153088106,📈 GETTING CLOSER,42,success
872,928,470,79,53,4187,1.0,📉 MOVING AWAY,100,success
873,927,468,83,55,4565,1.018055887270122,📈 GETTING CLOSER,36,success
874,928,467,83,55,4565,1.0361117745402435,📈 GETTING CLOSER,72,success
875,928,467,83,55,4565,1.0541676618103655,📈 GETTING CLOSER,100,success
876,928,467,83,55,4565,1.0722235490804872,📈 GETTING CLOSER,100,success
877,928,467,83,55,4565,1.090279436350609,📈 GETTING CLOSER,100,success
878,929,469,79,53,4187,1.053206962886501,📈 GETTING CLOSER,100,success
879,928,469,79,53,4187,1.0174265824535522,📈 GETTING CLOSER,34,success
880,927,470,79,53,4187,0.9828719017626534,📉 MOVING AWAY,65,success
881,925,472,83,55,4565,0.9663206664587696,📉 MOVING AWAY,32,success
882,926,472,83,55,4565,0.9503176341730558,📉 MOVING AWAY,0,success
883,928,473,79,53,4187,0.9663206664587696,📉 MOVING AWAY,32,success
884,927,473,79,53,4187,0.9828719017626534,📉 MOVING AWAY,65,success
885,924,472,83,55,4565,1.0174265824535522,📈 GETTING CLOSER,34,success
886,923,474,87,58,5046,1.0396016781153474,📈 GETTING CLOSER,79,success
887,926,475,83,55,4565,1.0396016781153474,📈 GETTING CLOSER,79,success
