frame,pov_x,pov_y,front_x,front_y,rel_x,rel_y,tracking
1,988,805,923,518,-65,-287,success
2,989,805,924,518,-65,-287,success
3,990,806,924,518,-66,-288,success
4,989,806,924,518,-65,-288,success
5,989,806,924,518,-65,-288,success
6,989,806,924,518,-65,-288,success
7,989,806,924,518,-65,-288,success
8,990,806,924,518,-66,-288,success
9,990,805,924,519,-66,-286,success
10,990,806,924,518,-66,-288,success
11,989,806,925,518,-64,-288,success
12,990,806,925,518,-65,-288,success
13,989,805,925,518,-64,-287,success
14,988,805,925,518,-63,-287,success
15,988,805,925,518,-63,-287,success
16,989,805,924,518,-65,-287,success
17,989,805,924,518,-65,-287,success
18,989,805,924,519,-65,-286,success
19,990,805,924,520,-66,-285,success
20,990,804,924,520,-66,-284,success
21,989,803,923,519,-66,-284,success
22,989,803,923,519,-66,-284,success
23,988,802,921,518,-67,-284,success
24,987,801,922,518,-65,-283,success
25,988,798,921,518,-67,-280,success
26,989,797,919,518,-70,-279,success
27,990,794,919,519,-71,-275,success
28,994,789,916,520,-78,-269,success
29,994,789,916,520,-78,-269,success
30,994,790,916,520,-78,-270,success
31,991,789,915,519,-76,-270,success
32,993,790,914,518,-79,-272,success
33,990,792,915,518,-75,-274,success
34,990,797,912,516,-78,-281,success
35,989,797,912,515,-77,-282,success
36,989,797,909,514,-80,-283,success
37,992,800,907,514,-85,-286,success
38,997,797,903,514,-94,-283,success
39,1000,798,903,514,-97,-284,success
40,1001,796,901,514,-100,-282,success
41,1003,796,898,515,-105,-281,success
42,1004,797,897,516,-107,-281,success
43,1002,798,894,516,-108,-282,success
44,999,799,892,516,-107,-283,success
45,999,798,890,516,-109,-282,success
46,997,796,887,516,-110,-280,success
47,995,798,887,516,-108,-282,success
48,997,797,884,516,-113,-281,success
49,1000,797,883,517,-117,-280,success
50,1002,798,881,517,-121,-281,success
51,1007,796,880,519,-127,-277,success
52,1014,798,878,519,-136,-279,success
53,1014,797,878,519,-136,-278,success
54,1014,798,878,518,-136,-280,success
55,1013,796,878,518,-135,-278,success
56,1010,793,878,518,-132,-275,success
57,1011,797,879,518,-132,-279,success
58,1010,796,879,517,-131,-279,success
59,1012,798,879,517,-133,-281,success
60,1017,799,878,517,-139,-282,success
61,1015,795,877,517,-138,-278,success
62,1017,798,876,517,-141,-281,success
63,1018,796,872,517,-146,-279,success
64,1018,798,871,517,-147,-281,success
65,1020,799,870,517,-150,-282,success
66,1015,799,868,517,-147,-282,success
67,1015,800,866,517,-149,-283,success
68,1008,798,865,516,-143,-282,success
69,1008,800,865,516,-143,-284,success
70,1011,800,864,516,-147,-284,success
71,1012,798,864,515,-148,-283,success
72,1014,798,864,515,-150,-283,success
73,1013,796,865,515,-148,-281,success
74,1014,797,866,515,-148,-282,success
75,1014,796,867,516,-147,-280,success
76,1014,796,870,516,-144,-280,success
77,1014,800,871,516,-143,-284,success
78,1017,798,875,515,-142,-283,success
79,1016,799,876,515,-140,-284,success
80,1016,799,877,515,-139,-284,success
81,1016,798,878,516,-138,-282,success
82,1015,798,878,516,-137,-282,success
83,1014,797,878,517,-136,-280,success
84,1013,796,878,517,-135,-279,success
85,1011,798,878,517,-133,-281,success
86,1010,797,878,517,-132,-280,success
87,1010,799,878,517,-132,-282,success
88,1010,797,878,518,-132,-279,success
89,1008,798,879,518,-129,-280,success
90,1007,797,879,518,-128,-279,success
91,1004,797,881,518,-123,-279,success
92,1003,794,882,518,-121,-276,success
93,1002,793,885,518,-117,-275,success
94,1001,794,885,518,-116,-276,success
95,1001,794,885,518,-116,-276,success
96,1004,796,886,520,-118,-276,success
97,1007,797,888,520,-119,-277,success
98,1006,798,891,521,-115,-277,success
99,1004,798,891,521,-113,-277,success
100,1000,799,892,520,-108,-279,success
101,998,799,894,520,-104,-279,success
102,1000,799,894,519,-106,-280,success
103,1001,799,895,520,-106,-279,success
104,1003,800,895,521,-108,-279,success
105,1003,800,895,522,-108,-278,success
106,1005,800,896,523,-109,-277,success
107,1007,801,896,523,-111,-278,success
108,1005,801,898,523,-107,-278,success
109,1006,801,899,523,-107,-278,success
110,1006,802,900,522,-106,-280,success
111,1006,803,902,522,-104,-281,success
112,1006,802,903,521,-103,-281,success
113,1008,802,903,521,-105,-281,success
114,1008,802,904,520,-104,-282,success
115,1009,801,904,520,-105,-281,success
116,1010,801,905,519,-105,-282,success
117,1010,801,906,519,-104,-282,success
118,1011,801,907,520,-104,-281,success
119,1012,800,907,520,-105,-280,success
120,1012,800,907,520,-105,-280,success
121,1011,800,907,520,-104,-280,success
122,1011,799,906,520,-105,-279,success
123,1012,799,905,520,-107,-279,success
124,1013,799,904,520,-109,-279,success
125,1012,800,903,519,-109,-281,success
126,1011,800,901,519,-110,-281,success
127,1011,801,902,519,-109,-282,success
128,1010,799,899,519,-111,-280,success
129,1008,799,898,519,-110,-280,success
130,1009,800,897,520,-112,-280,success
131,1009,799,895,520,-114,-279,success
132,1008,799,894,520,-114,-279,success
133,1007,799,892,520,-115,-279,success
134,1009,800,891,520,-118,-280,success
135,1008,800,890,520,-118,-280,success
136,1008,800,889,520,-119,-280,success
137,1008,800,888,520,-120,-280,success
138,1007,800,886,520,-121,-280,success
139,1006,801,886,519,-120,-282,success
140,1005,801,885,520,-120,-281,success
141,1004,802,885,520,-119,-282,success
142,1003,802,885,521,-118,-281,success
143,1003,802,884,520,-119,-282,success
144,1002,802,883,520,-119,-282,success
145,1002,802,883,520,-119,-282,success
146,1002,802,883,519,-119,-283,success
147,1001,802,882,517,-119,-285,success
148,1001,802,882,517,-119,-285,success
149,1001,801,882,515,-119,-286,success
150,999,802,882,514,-117,-288,success
151,998,802,881,513,-117,-289,success
152,998,802,882,511,-116,-291,success
153,997,802,882,510,-115,-292,success
154,997,801,881,509,-116,-292,success
155,996,802,882,509,-114,-293,success
156,993,801,882,508,-111,-293,success
157,994,801,882,508,-112,-293,success
158,994,800,882,508,-112,-292,success
159,993,799,882,507,-111,-292,success
160,993,799,881,506,-112,-293,success
161,994,799,881,506,-113,-293,success
162,994,800,882,505,-112,-295,success
163,994,799,882,504,-112,-295,success
164,993,799,883,503,-110,-296,success
165,991,798,883,502,-108,-296,success
166,989,797,883,502,-106,-295,success
167,989,796,884,501,-105,-295,success
168,989,796,884,501,-105,-295,success
169,987,795,884,502,-103,-293,success
170,987,795,884,502,-103,-293,success
171,988,795,884,502,-104,-293,success
172,988,795,885,501,-103,-294,success
173,989,796,886,501,-103,-295,success
174,988,794,887,502,-101,-292,success
175,988,795,888,501,-100,-294,success
176,987,795,888,502,-99,-293,success
177,988,793,889,503,-99,-290,success
178,987,792,890,503,-97,-289,success
179,988,793,890,503,-98,-290,success
180,988,793,891,502,-97,-291,success
181,988,793,891,503,-97,-290,success
182,987,793,891,502,-96,-291,success
183,988,794,891,502,-97,-292,success
184,989,793,891,502,-98,-291,success
185,989,793,892,502,-97,-291,success
186,990,793,892,501,-98,-292,success
187,989,792,892,500,-97,-292,success
188,989,792,892,500,-97,-292,success
189,989,792,893,499,-96,-293,success
190,989,792,893,500,-96,-292,success
191,988,792,893,500,-95,-292,success
192,989,793,894,502,-95,-291,success
193,991,794,895,502,-96,-292,success
194,992,796,895,503,-97,-293,success
195,994,796,896,503,-98,-293,success
196,998,796,897,503,-101,-293,success
197,999,795,897,503,-102,-292,success
198,996,792,898,503,-98,-289,success
199,996,791,899,503,-97,-288,success
200,996,791,899,503,-97,-288,success
201,997,793,901,503,-96,-290,success
202,997,792,901,503,-96,-289,success
203,997,791,902,503,-95,-288,success
204,998,791,903,504,-95,-287,success
205,998,793,903,504,-95,-289,success
206,998,793,903,505,-95,-288,success
207,998,793,904,506,-94,-287,success
208,999,793,905,506,-94,-287,success
209,998,793,906,506,-92,-287,success
210,998,793,906,506,-92,-287,success
211,1000,793,907,506,-93,-287,success
212,999,794,909,506,-90,-288,success
213,999,795,909,506,-90,-289,success
214,999,794,909,505,-90,-289,success
215,999,795,910,505,-89,-290,success
216,999,795,910,505,-89,-290,success
217,998,795,910,505,-88,-290,success
218,999,795,909,505,-90,-290,success
219,999,794,909,506,-90,-288,success
220,999,794,909,507,-90,-287,success
221,1000,793,909,508,-91,-285,success
222,999,793,909,508,-90,-285,success
223,1000,794,907,509,-93,-285,success
224,1001,793,906,510,-95,-283,success
225,1000,793,905,510,-95,-283,success
226,1003,793,903,510,-100,-283,success
227,1002,792,903,510,-99,-282,success
228,1002,792,900,510,-102,-282,success
229,1002,792,900,510,-102,-282,success
230,1003,792,899,510,-104,-282,success
231,1008,794,898,509,-110,-285,success
232,1005,791,897,509,-108,-282,success
233,1007,792,895,510,-112,-282,success
234,1006,792,894,510,-112,-282,success
235,1007,793,893,510,-114,-283,success
236,1007,793,892,510,-115,-283,success
237,1006,793,891,511,-115,-282,success
238,1005,793,890,512,-115,-281,success
239,1006,793,890,512,-116,-281,success
240,1005,792,889,514,-116,-278,success
241,1004,792,886,514,-118,-278,success
242,1003,792,887,514,-116,-278,success
243,1003,791,886,514,-117,-277,success
244,1003,792,886,514,-117,-278,success
245,1002,791,886,514,-116,-277,success
246,1002,793,885,514,-117,-279,success
247,1002,793,886,514,-116,-279,success
248,1000,793,886,515,-114,-278,success
249,1000,792,886,515,-114,-277,success
250,1000,793,887,515,-113,-278,success
251,1000,794,887,515,-113,-279,success
252,999,794,887,516,-112,-278,success
253,999,794,888,516,-111,-278,success
254,998,795,888,516,-110,-279,success
255,998,794,889,516,-109,-278,success
256,998,795,888,516,-110,-279,success
257,998,796,889,516,-109,-280,success
258,996,795,890,516,-106,-279,success
259,996,794,890,517,-106,-277,success
260,995,795,890,517,-105,-278,success
261,995,793,891,517,-104,-276,success
262,996,793,892,518,-104,-275,success
263,996,794,893,519,-103,-275,success
264,997,794,894,519,-103,-275,success
265,998,792,895,519,-103,-273,success
266,998,794,897,519,-101,-275,success
267,1000,794,897,519,-103,-275,success
268,999,794,898,519,-101,-275,success
269,1000,794,899,519,-101,-275,success
270,1000,794,900,519,-100,-275,success
271,1000,795,901,518,-99,-277,success
272,1000,793,901,518,-99,-275,success
273,1000,794,904,518,-96,-276,success
274,1000,793,905,518,-95,-275,success
275,1000,794,905,518,-95,-276,success
276,1000,794,908,518,-92,-276,success
277,1000,794,909,519,-91,-275,success
278,1001,794,913,519,-88,-275,success
279,1000,794,914,518,-86,-276,success
280,1000,794,916,518,-84,-276,success
281,1001,795,919,518,-82,-277,success
282,1001,795,922,518,-79,-277,success
283,1000,796,926,518,-74,-278,success
284,1000,796,928,518,-72,-278,success
285,999,795,930,518,-69,-277,success
286,999,795,933,518,-66,-277,success
287,1000,797,936,518,-64,-279,success
288,1001,796,938,518,-63,-278,success
289,1001,796,940,517,-61,-279,success
290,1002,795,940,517,-62,-278,success
291,1001,796,945,517,-56,-279,success
292,1002,796,945,517,-57,-279,success
293,1000,796,948,517,-52,-279,success
294,1000,797,951,517,-49,-280,success
295,999,797,955,517,-44,-280,success
296,999,798,957,517,-42,-281,success
297,998,797,962,516,-36,-281,success
298,999,797,966,516,-33,-281,success
299,996,797,968,516,-28,-281,success
300,997,797,969,516,-28,-281,success
301,995,797,974,517,-21,-280,success
302,996,797,976,516,-20,-281,success
303,996,798,981,516,-15,-282,success
304,995,798,983,517,-12,-281,success
305,995,798,988,516,-7,-282,success
306,994,797,990,516,-4,-281,success
307,993,798,995,517,2,-281,success
308,991,798,997,515,6,-283,success
309,992,795,1002,515,10,-280,success
310,988,793,1004,515,16,-278,success
311,991,792,1007,516,16,-276,success
312,986,794,1008,515,22,-279,success
313,990,794,1014,516,24,-278,success
314,988,795,1013,516,25,-279,success
315,986,797,1016,516,30,-281,success
316,989,798,1021,516,32,-282,success
317,990,799,1022,516,32,-283,success
318,985,796,1029,516,44,-280,success
319,984,797,1031,516,47,-281,success
320,984,796,1034,516,50,-280,success
321,983,796,1038,516,55,-280,success
322,983,795,1041,517,58,-278,success
323,984,795,1043,517,59,-278,success
324,986,797,1044,517,58,-280,success
325,989,797,1045,516,56,-281,success
326,990,803,1046,517,56,-286,success
327,1001,802,1046,516,45,-286,success
328,1118,807,1047,516,-71,-291,success
329,1008,807,1048,516,40,-291,success
330,1013,812,1050,517,37,-295,success
331,995,803,1051,515,56,-288,success
332,991,805,1052,516,61,-289,success
333,991,799,1055,516,64,-283,success
334,990,799,1056,516,66,-283,success
335,987,801,1057,516,70,-285,success
336,991,802,1060,516,69,-286,success
337,994,803,1063,516,69,-287,success
338,995,799,1065,515,70,-284,success
339,1001,799,1067,515,66,-284,success
340,1004,798,1069,515,65,-283,success
341,1004,798,1070,515,66,-283,success
342,1005,798,1071,514,66,-284,success
343,1008,798,1071,514,63,-284,success
344,1011,798,1071,514,60,-284,success
345,1010,799,1070,514,60,-285,success
346,1010,799,1070,514,60,-285,success
347,1010,799,1070,514,60,-285,success
348,1010,799,1070,514,60,-285,success
349,1010,798,1071,515,61,-283,success
350,1011,798,1071,516,60,-282,success
351,1011,797,1073,516,62,-281,success
352,1009,797,1074,517,65,-280,success
353,1013,797,1075,517,62,-280,success
354,1014,798,1075,518,61,-280,success
355,1016,798,1075,517,59,-281,success
356,1018,799,1076,517,58,-282,success
357,1020,799,1077,517,57,-282,success
358,1024,801,1077,516,53,-285,success
359,1024,801,1077,515,53,-286,success
360,1023,801,1076,514,53,-287,success
361,1022,805,1075,512,53,-293,success
362,1023,806,1075,512,52,-294,success
363,1023,808,1074,510,51,-298,success
364,1024,809,1074,510,50,-299,success
365,1029,810,1076,510,47,-300,success
366,1032,805,1078,512,46,-293,success
367,1033,805,1079,512,46,-293,success
368,1041,806,1084,513,43,-293,success
369,1039,807,1088,514,49,-293,success
370,1037,807,1090,514,53,-293,success
371,1032,806,1093,513,61,-293,success
372,1030,807,1094,513,64,-294,success
373,1031,807,1094,512,63,-295,success
374,1031,806,1096,513,65,-293,success
375,1034,806,1096,514,62,-292,success
376,1040,807,1096,515,56,-292,success
377,1041,807,1096,517,55,-290,success
378,1038,806,1095,524,57,-282,success
379,1035,804,1094,525,59,-279,success
380,1026,801,1090,531,64,-270,success
381,1021,795,1083,539,62,-256,success
382,1020,792,1078,540,58,-252,success
383,1022,791,1069,544,47,-247,success
384,1025,786,1064,545,39,-241,success
385,1030,785,1060,546,30,-239,success
386,1040,783,1050,546,10,-237,success
387,1045,782,1042,544,-3,-238,success
388,1056,784,1032,539,-24,-245,success
389,1066,790,1025,535,-41,-255,success
390,1067,794,1020,534,-47,-260,success
391,1088,791,1007,527,-81,-264,success
392,1095,792,999,520,-96,-272,success
393,1211,798,986,512,-225,-286,success
394,1177,802,980,508,-197,-294,success
395,1146,805,975,506,-171,-299,success
396,1151,804,963,500,-188,-304,success
397,1156,803,958,499,-198,-304,success
398,1203,792,952,504,-251,-288,success
399,1236,786,947,509,-289,-277,success
400,1212,763,947,513,-265,-250,success
401,1095,782,942,521,-153,-261,success
402,1108,783,940,529,-168,-254,success
403,1118,785,933,532,-185,-253,success
404,1120,786,930,534,-190,-252,success
405,1120,785,929,534,-191,-251,success
406,1114,785,922,535,-192,-250,success
407,1110,786,917,536,-193,-250,success
408,1106,784,911,537,-195,-247,success
409,1100,786,905,536,-195,-250,success
410,1097,789,903,534,-194,-255,success
411,1103,793,895,529,-208,-264,success
412,1109,799,890,527,-219,-272,success
413,1092,800,879,519,-213,-281,success
414,1090,805,873,514,-217,-291,success
415,1090,807,872,515,-218,-292,success
416,1090,808,865,507,-225,-301,success
417,1092,810,864,507,-228,-303,success
418,1092,813,861,508,-231,-305,success
419,1093,811,862,508,-231,-303,success
420,1092,811,861,509,-231,-302,success
421,1090,809,862,515,-228,-294,success
422,1085,808,862,517,-223,-291,success
423,1087,803,863,522,-224,-281,success
424,1084,799,863,523,-221,-276,success
425,1087,799,864,524,-223,-275,success
426,1086,797,864,528,-222,-269,success
427,1085,794,863,528,-222,-266,success
428,1088,792,862,529,-226,-263,success
429,1090,793,860,529,-230,-264,success
430,1092,793,860,528,-232,-265,success
431,1092,789,854,526,-238,-263,success
432,1092,791,855,526,-237,-265,success
433,1097,792,853,524,-244,-268,success
434,1096,794,852,524,-244,-270,success
435,1096,794,852,523,-244,-271,success
436,1097,795,850,523,-247,-272,success
437,1097,796,850,523,-247,-273,success
438,1097,796,849,523,-248,-273,success
439,1095,796,850,522,-245,-274,success
440,1092,797,849,524,-243,-273,success
441,1088,793,850,525,-238,-268,success
442,1086,794,850,525,-236,-269,success
443,1084,792,852,525,-232,-267,success
444,1084,793,851,525,-233,-268,success
445,1081,794,851,525,-230,-269,success
446,1078,795,852,525,-226,-270,success
447,1068,792,854,525,-214,-267,success
448,1065,794,853,525,-212,-269,success
449,1063,793,853,525,-210,-268,success
450,1062,792,854,525,-208,-267,success
451,1061,792,855,525,-206,-267,success
452,1059,792,855,525,-204,-267,success
453,1060,791,857,525,-203,-266,success
454,1060,789,858,525,-202,-264,success
455,1061,788,858,525,-203,-263,success
456,1059,789,860,526,-199,-263,success
457,1060,786,861,526,-199,-260,success
458,1064,785,862,526,-202,-259,success
459,1064,786,862,525,-202,-261,success
460,1063,785,864,525,-199,-260,success
461,1067,787,865,525,-202,-262,success
462,1075,793,866,525,-209,-268,success
463,1077,794,867,525,-210,-269,success
464,1056,796,869,524,-187,-272,success
465,1054,797,869,524,-185,-273,success
466,1047,798,871,524,-176,-274,success
467,1039,799,872,524,-167,-275,success
468,1036,799,876,524,-160,-275,success
469,1033,798,875,524,-158,-274,success
470,1032,799,877,525,-155,-274,success
471,1024,801,880,526,-144,-275,success
472,1024,799,881,525,-143,-274,success
473,1023,796,883,526,-140,-270,success
474,1026,797,884,526,-142,-271,success
475,1023,798,886,527,-137,-271,success
476,1022,798,889,527,-133,-271,success
477,1021,798,889,526,-132,-272,success
478,1017,799,893,527,-124,-272,success
479,1013,800,894,526,-119,-274,success
480,1011,802,895,526,-116,-276,success
481,1009,802,899,526,-110,-276,success
482,1009,804,903,526,-106,-278,success
483,1008,803,905,525,-103,-278,success
484,1004,804,909,525,-95,-279,success
485,1001,804,910,525,-91,-279,success
486,996,802,917,524,-79,-278,success
487,994,804,922,524,-72,-280,success
488,987,803,928,523,-59,-280,success
489,984,804,930,523,-54,-281,success
490,983,804,934,523,-49,-281,success
491,972,806,942,523,-30,-283,success
492,973,806,946,523,-27,-283,success
493,972,804,956,522,-16,-282,success
494,971,805,958,522,-13,-283,success
495,970,803,964,522,-6,-281,success
496,964,802,971,522,7,-280,success
497,959,805,977,521,18,-284,success
498,953,806,983,522,30,-284,success
499,955,803,991,521,36,-282,success
500,961,801,992,521,31,-280,success
501,952,808,1002,521,50,-287,success
502,962,801,1005,521,43,-280,success
503,961,811,1013,521,52,-290,success
504,959,809,1015,521,56,-288,success
505,969,809,1020,522,51,-287,success
506,995,814,1027,522,32,-292,success
507,991,817,1028,523,37,-294,success
508,994,814,1031,522,37,-292,success
509,987,814,1034,522,47,-292,success
510,982,810,1035,522,53,-288,success
511,956,792,1036,521,80,-271,success
512,1003,795,1036,521,33,-274,success
513,963,797,1037,521,74,-276,success
514,964,794,1036,521,72,-273,success
515,963,791,1036,520,73,-271,success
516,963,789,1036,520,73,-269,success
517,964,790,1035,520,71,-270,success
518,979,789,1034,520,55,-269,success
519,978,788,1033,520,55,-268,success
520,981,790,1032,520,51,-270,success
521,982,788,1032,520,50,-268,success
522,982,789,1030,520,48,-269,success
523,984,790,1030,520,46,-270,success
524,983,789,1029,520,46,-269,success
525,984,788,1028,520,44,-268,success
526,981,789,1027,520,46,-269,success
527,978,788,1026,520,48,-268,success
528,980,788,1026,520,46,-268,success
529,982,788,1023,520,41,-268,success
530,982,788,1023,520,41,-268,success
531,985,790,1022,520,37,-270,success
532,986,790,1020,519,34,-271,success
533,990,793,1019,519,29,-274,success
534,990,792,1017,519,27,-273,success
535,995,792,1017,519,22,-273,success
536,994,790,1014,519,20,-271,success
537,997,791,1014,518,17,-273,success
538,998,793,1012,518,14,-275,success
539,998,794,1012,518,14,-276,success
540,998,793,1012,518,14,-275,success
541,999,792,1012,517,13,-275,success
542,1000,793,1011,517,11,-276,success
543,1000,792,1011,516,11,-276,success
544,996,790,1010,515,14,-275,success
545,994,788,1010,515,16,-273,success
546,998,787,1010,514,12,-273,success
547,1000,786,1009,514,9,-272,success
548,1001,784,1009,514,8,-270,success
549,1004,783,1008,514,4,-269,success
550,1007,783,1008,514,1,-269,success
551,1009,783,1006,514,-3,-269,success
552,1006,785,1005,515,-1,-270,success
553,1008,783,1006,515,-2,-268,success
554,1009,783,1007,515,-2,-268,success
555,1009,784,1005,515,-4,-269,success
556,1010,783,1006,515,-4,-268,success
557,1012,783,1007,514,-5,-269,success
558,1012,785,1006,515,-6,-270,success
559,1010,783,1007,515,-3,-268,success
560,1012,785,1008,515,-4,-270,success
561,1011,785,1008,516,-3,-269,success
562,1009,785,1007,516,-2,-269,success
563,1012,787,1008,517,-4,-270,success
564,1013,788,1009,518,-4,-270,success
565,1013,788,1009,518,-4,-270,success
566,1013,789,1011,518,-2,-271,success
567,1013,789,1011,518,-2,-271,success
568,1015,788,1011,518,-4,-270,success
569,1017,788,1012,518,-5,-270,success
570,1018,787,1012,519,-6,-268,success
571,1019,789,1015,519,-4,-270,success
572,1021,788,1015,520,-6,-268,success
573,1023,789,1017,520,-6,-269,success
574,1022,790,1018,520,-4,-270,success
575,1021,789,1019,521,-2,-268,success
576,1022,789,1021,520,-1,-269,success
577,1023,787,1021,521,-2,-266,success
578,1024,787,1022,522,-2,-265,success
579,1025,786,1023,522,-2,-264,success
580,1025,788,1023,522,-2,-266,success
581,1026,788,1024,523,-2,-265,success
582,1028,788,1025,524,-3,-264,success
583,1029,788,1027,524,-2,-264,success
584,1029,787,1027,525,-2,-262,success
585,1029,787,1027,525,-2,-262,success
586,1033,787,1028,525,-5,-262,success
587,1034,788,1028,526,-6,-262,success
588,1042,788,1029,526,-13,-262,success
589,1045,788,1028,526,-17,-262,success
590,1047,788,1028,527,-19,-261,success
591,1048,789,1027,527,-21,-262,success
592,1051,790,1026,527,-25,-263,success
593,1054,791,1025,527,-29,-264,success
594,1056,792,1024,527,-32,-265,success
595,1058,793,1022,527,-36,-266,success
596,1063,793,1017,527,-46,-266,success
597,1065,793,1016,527,-49,-266,success
598,1067,792,1011,527,-56,-265,success
599,1071,791,1010,527,-61,-264,success
600,1072,790,1006,527,-66,-263,success
601,1075,788,1001,526,-74,-262,success
602,1075,788,999,526,-76,-262,success
603,1075,784,994,525,-81,-259,success
604,1076,783,988,524,-88,-259,success
605,1077,785,989,524,-88,-261,success
606,1078,785,978,522,-100,-263,success
607,1080,786,976,523,-104,-263,success
608,1088,785,971,522,-117,-263,success
609,1088,785,964,522,-124,-263,success
610,1089,786,963,522,-126,-264,success
611,1092,784,952,522,-140,-262,success
612,1092,786,950,522,-142,-264,success
613,1091,787,944,522,-147,-265,success
614,1092,789,939,522,-153,-267,success
615,1103,792,935,522,-168,-270,success
616,1103,796,929,522,-174,-274,success
617,1101,800,929,522,-172,-278,success
618,1070,800,924,522,-146,-278,success
619,1071,802,922,521,-149,-281,success
620,1056,799,921,519,-135,-280,success
621,1069,800,915,518,-154,-282,success
622,1059,800,915,518,-144,-282,success
623,1065,799,913,517,-152,-282,success
624,1060,800,912,517,-148,-283,success
625,1063,799,911,516,-152,-283,success
626,1060,798,908,515,-152,-283,success
627,1062,796,906,514,-156,-282,success
628,1067,797,904,513,-163,-284,success
629,1066,798,902,512,-164,-286,success
630,1064,797,900,511,-164,-286,success
631,1073,797,896,510,-177,-287,success
632,1073,794,895,509,-178,-285,success
633,1076,792,892,509,-184,-283,success
634,1078,794,891,509,-187,-285,success
635,1079,793,890,509,-189,-284,success
636,1083,792,888,509,-195,-283,success
637,1086,792,888,509,-198,-283,success
638,1085,795,886,513,-199,-282,success
639,1087,790,886,513,-201,-277,success
640,1085,790,886,515,-199,-275,success
641,1085,791,884,518,-201,-273,success
642,1085,791,884,519,-201,-272,success
643,1085,794,885,520,-200,-274,success
644,1081,790,885,520,-196,-270,success
645,1080,791,884,520,-196,-271,success
646,1081,791,884,522,-197,-269,success
647,1081,791,884,523,-197,-268,success
648,1074,792,883,524,-191,-268,success
649,1069,791,883,523,-186,-268,success
650,1065,792,882,524,-183,-268,success
651,1058,794,882,524,-176,-270,success
652,1052,793,882,525,-170,-268,success
653,1054,796,883,525,-171,-271,success
654,1052,796,883,526,-169,-270,success
655,1050,796,883,526,-167,-270,success
656,1048,794,884,525,-164,-269,success
657,1046,790,884,524,-162,-266,success
658,1046,789,886,524,-160,-265,success
659,1047,788,886,524,-161,-264,success
660,1047,789,887,524,-160,-265,success
661,1048,788,887,525,-161,-263,success
662,1044,788,887,527,-157,-261,success
663,1042,789,887,527,-155,-262,success
664,1042,788,886,527,-156,-261,success
665,1045,789,886,527,-159,-262,success
666,1048,792,885,526,-163,-266,success
667,1052,801,885,526,-167,-275,success
668,1059,807,888,525,-171,-282,success
669,1061,805,888,525,-173,-280,success
670,1055,798,891,525,-164,-273,success
671,1041,788,897,525,-144,-263,success
672,1032,789,899,526,-133,-263,success
673,1029,790,904,526,-125,-264,success
674,1029,791,905,526,-124,-265,success
675,1029,796,907,526,-122,-270,success
676,1035,791,907,526,-128,-265,success
677,899,764,909,526,10,-238,success
678,983,775,909,526,-74,-249,success
679,986,784,909,527,-77,-257,success
680,989,788,910,527,-79,-261,success
681,995,790,910,526,-85,-264,success
682,997,790,911,527,-86,-263,success
683,994,791,913,525,-81,-266,success
684,991,789,913,525,-78,-264,success
685,991,790,913,525,-78,-265,success
686,990,790,915,523,-75,-267,success
687,990,792,916,522,-74,-270,success
688,990,792,917,519,-73,-273,success
689,989,791,919,519,-70,-272,success
690,986,792,921,519,-65,-273,success
691,983,792,922,518,-61,-274,success
692,983,793,925,518,-58,-275,success
693,982,792,926,517,-56,-275,success
694,983,794,928,517,-55,-277,success
695,983,794,928,517,-55,-277,success
696,972,794,928,516,-44,-278,success
697,976,792,927,515,-49,-277,success
698,963,663,925,514,-38,-149,success
699,956,792,924,513,-32,-279,success
700,962,790,923,511,-39,-279,success
701,839,803,921,511,82,-292,success
702,851,803,920,511,69,-292,success
703,878,805,918,511,40,-294,success
704,868,804,918,511,50,-293,success
705,848,814,916,511,68,-303,success
706,831,809,914,511,83,-298,success
707,975,785,910,511,-65,-274,success
708,951,799,909,512,-42,-287,success
709,901,831,904,512,3,-319,success
710,999,807,903,512,-96,-295,success
711,965,794,898,512,-67,-282,success
712,975,795,897,512,-78,-283,success
713,990,797,891,512,-99,-285,success
714,994,796,890,513,-104,-283,success
715,993,797,889,512,-104,-285,success
716,985,796,884,513,-101,-283,success
717,975,797,883,513,-92,-284,success
718,895,771,879,512,-16,-259,success
719,838,739,879,513,41,-226,success
720,1033,798,877,513,-156,-285,success
721,1027,797,877,513,-150,-284,success
722,1036,795,877,513,-159,-282,success
723,1041,795,877,514,-164,-281,success
724,1039,794,877,514,-162,-280,success
725,1042,795,878,514,-164,-281,success
726,1045,796,877,514,-168,-282,success
727,1032,799,876,514,-156,-285,success
728,1025,799,871,514,-154,-285,success
729,1032,797,870,514,-162,-283,success
730,1036,797,869,514,-167,-283,success
731,1048,797,864,514,-184,-283,success
732,1050,798,863,514,-187,-284,success
733,1057,798,858,515,-199,-283,success
734,1061,799,858,515,-203,-284,success
735,1065,800,856,515,-209,-285,success
736,1066,801,852,516,-214,-285,success
737,1061,800,852,516,-209,-284,success
738,1060,799,848,516,-212,-283,success
739,1056,799,847,516,-209,-283,success
740,1057,796,845,517,-212,-279,success
741,1058,795,844,517,-214,-278,success
742,1057,793,843,518,-214,-275,success
743,1059,792,842,519,-217,-273,success
744,1059,792,842,520,-217,-272,success
745,1058,792,842,520,-216,-272,success
746,1057,794,843,521,-214,-273,success
747,1062,793,844,522,-218,-271,success
748,1062,792,844,522,-218,-270,success
749,1063,792,844,523,-219,-269,success
750,1061,792,845,523,-216,-269,success
751,1063,791,845,523,-218,-268,success
752,1065,791,846,523,-219,-268,success
753,1066,792,846,523,-220,-269,success
754,1067,793,847,523,-220,-270,success
755,1069,793,848,523,-221,-270,success
756,1068,793,849,524,-219,-269,success
757,1071,794,850,524,-221,-270,success
758,1071,794,850,524,-221,-270,success
759,1071,794,853,524,-218,-270,success
760,1072,794,854,525,-218,-269,success
761,1069,795,857,525,-212,-270,success
762,1070,794,858,525,-212,-269,success
763,1067,795,862,524,-205,-271,success
764,1067,795,863,524,-204,-271,success
765,1065,796,864,524,-201,-272,success
766,1066,796,869,524,-197,-272,success
767,1065,797,871,523,-194,-274,success
768,1064,797,875,523,-189,-274,success
769,1063,796,877,523,-186,-273,success
770,1058,799,880,523,-178,-276,success
771,1054,798,883,522,-171,-276,success
772,1053,796,885,522,-168,-274,success
773,1054,793,888,522,-166,-271,success
774,1049,795,891,522,-158,-273,success
775,1050,793,892,522,-158,-271,success
776,1048,792,894,523,-154,-269,success
777,1048,792,898,522,-150,-270,success
778,1048,793,900,522,-148,-271,success
779,1048,793,904,522,-144,-271,success
780,1047,793,905,522,-142,-271,success
781,1041,792,909,522,-132,-270,success
782,1042,791,911,521,-131,-270,success
783,1037,790,914,521,-123,-269,success
784,1035,791,916,521,-119,-270,success
785,1034,790,917,520,-117,-270,success
786,1034,791,920,521,-114,-270,success
787,1033,791,923,521,-110,-270,success
788,1034,790,927,521,-107,-269,success
789,1035,791,928,521,-107,-270,success
790,1035,790,931,521,-104,-269,success
791,1034,791,933,522,-101,-269,success
792,1035,791,935,521,-100,-270,success
793,1035,792,940,521,-95,-271,success
794,1035,792,941,521,-94,-271,success
795,1034,792,943,521,-91,-271,success
796,1033,792,947,521,-86,-271,success
797,1033,792,950,521,-83,-271,success
798,1033,791,954,521,-79,-270,success
799,1033,792,957,520,-76,-272,success
800,1033,792,959,520,-74,-272,success
801,1032,792,962,520,-70,-272,success
802,1033,792,965,520,-68,-272,success
803,1032,792,970,520,-62,-272,success
804,1032,792,973,520,-59,-272,success
805,1031,792,973,520,-58,-272,success
806,1030,792,979,520,-51,-272,success
807,1028,792,982,521,-46,-271,success
808,1029,792,986,521,-43,-271,success
809,1031,792,987,522,-44,-270,success
810,1032,791,990,521,-42,-270,success
811,1032,789,993,521,-39,-268,success
812,1032,787,994,521,-38,-266,success
813,1031,787,997,521,-34,-266,success
814,1030,787,997,521,-33,-266,success
815,1027,784,1000,520,-27,-264,success
816,1028,783,1002,520,-26,-263,success
817,1029,783,1002,520,-27,-263,success
818,1031,783,1004,519,-27,-264,success
819,1033,781,1003,519,-30,-262,success
820,1030,784,1003,519,-27,-265,success
821,1032,783,1003,519,-29,-264,success
822,1031,783,1003,519,-28,-264,success
823,1031,783,1002,520,-29,-263,success
824,1031,781,1002,520,-29,-261,success
825,1032,782,1000,520,-32,-262,success
826,1033,782,999,520,-34,-262,success
827,1034,783,998,520,-36,-263,success
828,1032,782,996,520,-36,-262,success
829,1033,782,996,520,-37,-262,success
830,1034,782,994,520,-40,-262,success
831,1034,782,992,520,-42,-262,success
832,1033,782,991,519,-42,-263,success
833,1034,782,989,519,-45,-263,success
834,1033,782,987,519,-46,-263,success
835,1034,782,987,519,-47,-263,success
836,1034,783,984,519,-50,-264,success
837,1034,782,983,519,-51,-263,success
838,1036,783,980,519,-56,-264,success
839,1038,783,978,519,-60,-264,success
840,1038,782,977,519,-61,-263,success
841,1038,784,975,518,-63,-266,success
842,1038,783,974,518,-64,-265,success
843,1039,784,973,517,-66,-267,success
844,1037,785,971,517,-66,-268,success
845,1037,787,971,516,-66,-271,success
846,1037,787,970,515,-67,-272,success
847,1036,788,969,515,-67,-273,success
848,1037,786,969,513,-68,-273,success
849,1036,788,969,512,-67,-276,success
850,1038,789,969,512,-69,-277,success
851,1039,788,967,511,-72,-277,success
852,1036,790,967,508,-69,-282,success
853,1035,789,966,507,-69,-282,success
854,1035,791,966,506,-69,-285,success
855,1034,793,966,506,-68,-287,success
856,1036,791,966,503,-70,-288,success
857,1035,792,966,503,-69,-289,success
858,1036,792,965,502,-71,-290,success
859,1037,793,964,502,-73,-291,success
860,1038,793,963,502,-75,-291,success
861,1038,793,962,502,-76,-291,success
862,1038,794,962,502,-76,-292,success
863,1038,792,960,502,-78,-290,success
864,1037,793,960,502,-77,-291,success
865,1039,793,960,502,-79,-291,success
866,1037,794,959,501,-78,-293,success
867,1036,794,959,500,-77,-294,success
868,1039,794,960,500,-79,-294,success
869,1040,795,960,497,-80,-298,success
870,1039,796,961,497,-78,-299,success
871,1037,797,962,495,-75,-302,success
872,1038,799,963,494,-75,-305,success
873,1037,801,965,494,-72,-307,success
874,1039,801,965,493,-74,-308,success
875,1038,800,964,491,-74,-309,success
876,1039,799,965,491,-74,-308,success
877,1040,799,964,492,-76,-307,success
878,1040,798,964,493,-76,-305,success
879,1040,798,963,493,-77,-305,success
880,1040,797,962,494,-78,-303,success
881,1041,797,962,496,-79,-301,success
882,1040,797,962,496,-78,-301,success
883,1040,796,962,498,-78,-298,success
884,1041,796,962,498,-79,-298,success
885,1040,796,962,498,-78,-298,success
886,1042,796,962,499,-80,-297,success
887,1041,795,962,499,-79,-296,success
888,1042,795,962,501,-80,-294,success
889,1043,795,963,501,-80,-294,success
890,1042,796,964,501,-78,-295,success
891,1043,795,964,502,-79,-293,success
892,1045,795,966,502,-79,-293,success
893,1044,795,967,503,-77,-292,success
894,1045,795,967,503,-78,-292,success
895,1044,795,968,503,-76,-292,success
896,1045,795,968,504,-77,-291,success
897,1045,796,969,505,-76,-291,success
898,1048,793,969,506,-79,-287,success
899,1047,796,969,507,-78,-289,success
900,1049,795,969,507,-80,-288,success
901,1049,796,968,511,-81,-285,success
902,1051,796,970,511,-81,-285,success
903,1052,795,970,512,-82,-283,success
904,1052,795,970,512,-82,-283,success
905,1054,795,971,512,-83,-283,success
906,1054,796,971,514,-83,-282,success
907,1054,795,971,514,-83,-281,success
908,1055,794,972,514,-83,-280,success
909,1054,794,972,514,-82,-280,success
910,1056,796,971,514,-85,-282,success
911,1061,797,972,513,-89,-284,success
912,1060,800,971,513,-89,-287,success
913,1063,801,969,514,-94,-287,success
914,1064,798,968,513,-96,-285,success
915,1067,800,967,513,-100,-287,success
916,1069,801,964,513,-105,-288,success
917,1070,799,963,513,-107,-286,success
918,1072,802,959,514,-113,-288,success
919,1076,802,957,513,-119,-289,success
920,1076,802,955,513,-121,-289,success
921,1079,802,952,513,-127,-289,success
922,1081,801,948,514,-133,-287,success
923,1083,801,944,513,-139,-288,success
924,1086,801,940,513,-146,-288,success
925,1087,801,937,514,-150,-287,success
926,1085,801,932,513,-153,-288,success
927,1091,800,926,513,-165,-287,success
928,1094,799,921,513,-173,-286,success
929,1092,798,917,513,-175,-285,success
930,1093,798,915,513,-178,-285,success
931,1096,797,907,513,-189,-284,success
932,1095,796,906,513,-189,-283,success
933,1095,794,899,513,-196,-281,success
934,1096,791,894,514,-202,-277,success
935,1094,787,891,514,-203,-273,success
936,1093,788,884,516,-209,-272,success
937,1092,788,882,517,-210,-271,success
938,1086,792,877,519,-209,-273,success
939,1105,797,874,520,-231,-277,success
940,1105,797,874,520,-231,-277,success
941,1100,797,870,520,-230,-277,success
942,1096,799,869,520,-227,-279,success
943,1058,800,868,520,-190,-280,success
944,1032,797,867,520,-165,-277,success
945,1009,794,867,520,-142,-274,success
946,997,799,867,521,-130,-278,success
947,989,799,868,520,-121,-279,success
948,987,798,868,520,-119,-278,success
949,987,795,868,518,-119,-277,success
950,987,792,868,518,-119,-274,success
951,998,793,870,517,-128,-276,success
952,1005,793,871,517,-134,-276,success
953,1074,795,872,516,-202,-279,success
954,1065,795,873,515,-192,-280,success
955,1077,796,874,515,-203,-281,success
956,1079,799,877,516,-202,-283,success
957,1082,799,879,514,-203,-285,success
958,1075,798,883,513,-192,-285,success
959,1077,798,883,513,-194,-285,success
960,1073,799,885,512,-188,-287,success
961,1068,800,889,512,-179,-288,success
962,1070,797,890,512,-180,-285,success
963,1068,797,894,512,-174,-285,success
964,1066,797,898,513,-168,-284,success
965,1064,796,901,514,-163,-282,success
966,1064,796,905,514,-159,-282,success
967,1060,797,907,515,-153,-282,success
968,1061,797,912,517,-149,-280,success
969,1060,797,914,517,-146,-280,success
970,1060,797,914,518,-146,-279,success
971,1057,797,919,518,-138,-279,success
972,1055,795,922,518,-133,-277,success
973,1052,792,925,518,-127,-274,success
974,1052,793,926,518,-126,-275,success
975,1051,794,929,519,-122,-275,success
976,1050,792,930,517,-120,-275,success
977,1050,794,933,517,-117,-277,success
978,1051,795,935,517,-116,-278,success
979,1051,796,937,517,-114,-279,success
980,1051,797,937,516,-114,-281,success
981,1050,797,941,516,-109,-281,success
982,1049,797,944,515,-105,-282,success
983,1049,797,948,515,-101,-282,success
984,1048,797,951,515,-97,-282,success
985,1047,797,953,515,-94,-282,success
986,1046,796,958,516,-88,-280,success
987,1046,796,962,516,-84,-280,success
988,1046,798,966,517,-80,-281,success
989,1045,795,970,518,-75,-277,success
990,1044,792,971,518,-73,-274,success
991,1044,794,976,519,-68,-275,success
992,1043,795,976,519,-67,-276,success
993,1046,795,979,519,-67,-276,success
994,1047,796,979,518,-68,-278,success
995,1047,796,979,518,-68,-278,success
996,1048,797,979,514,-69,-283,success
997,1049,797,979,514,-70,-283,success
998,1049,798,978,510,-71,-288,success
999,1051,798,977,510,-74,-288,success
1000,1051,798,976,508,-75,-290,success
1001,1050,800,975,504,-75,-296,success
1002,1052,801,975,504,-77,-297,success
1003,1051,802,975,501,-76,-301,success
1004,1053,801,975,501,-78,-300,success
1005,1054,802,974,501,-80,-301,success
1006,1056,802,973,499,-83,-303,success
1007,1054,802,973,499,-81,-303,success
1008,1058,800,973,500,-85,-300,success
1009,1058,800,973,500,-85,-300,success
1010,1058,800,973,501,-85,-299,success
1011,1056,799,974,503,-82,-296,success
1012,1053,799,975,504,-78,-295,success
1013,1048,797,979,512,-69,-285,success
1014,1046,795,979,512,-67,-283,success
1015,1047,795,979,515,-68,-280,success
1016,1049,793,980,518,-69,-275,success
1017,1050,792,980,519,-70,-273,success
1018,1049,786,979,520,-70,-266,success
1019,1049,782,978,520,-71,-262,success
1020,1047,780,978,520,-69,-260,success
1021,1050,776,975,520,-75,-256,success
1022,1050,774,974,520,-76,-254,success
1023,1055,776,970,519,-85,-257,success
1024,1055,781,967,519,-88,-262,success
1025,1053,785,965,519,-88,-266,success
1026,1053,787,962,518,-91,-269,success
1027,1054,788,960,517,-94,-271,success
1028,1058,792,955,516,-103,-276,success
1029,1059,793,954,516,-105,-277,success
1030,1061,793,952,516,-109,-277,success
1031,1064,792,950,516,-114,-276,success
1032,1063,793,948,516,-115,-277,success
1033,1063,793,947,517,-116,-276,success
1034,1063,792,946,517,-117,-275,success
1035,1063,792,945,518,-118,-274,success
1036,1061,792,944,518,-117,-274,success
1037,1058,794,943,518,-115,-276,success
1038,1059,793,940,518,-119,-275,success
1039,1058,794,939,519,-119,-275,success
1040,1058,794,937,519,-121,-275,success
1041,1060,795,934,518,-126,-277,success
1042,1059,796,932,518,-127,-278,success
1043,1059,797,928,518,-131,-279,success
1044,1058,800,927,518,-131,-282,success
1045,1059,801,923,518,-136,-283,success
1046,1056,804,919,518,-137,-286,success
1047,1055,807,918,517,-137,-290,success
1048,1054,804,913,517,-141,-287,success
1049,1053,803,909,517,-144,-286,success
1050,1055,801,904,517,-151,-284,success
1051,1055,801,900,517,-155,-284,success
1052,1053,802,896,517,-157,-285,success
1053,1052,802,891,518,-161,-284,success
1054,1050,800,887,517,-163,-283,success
1055,1050,803,884,517,-166,-286,success
1056,1050,803,882,517,-168,-286,success
1057,1049,802,879,517,-170,-285,success
1058,1048,805,876,517,-172,-288,success
1059,1048,804,874,517,-174,-287,success
1060,1048,804,872,517,-176,-287,success
1061,1050,802,870,517,-180,-285,success
1062,1049,802,868,517,-181,-285,success
1063,1049,802,867,518,-182,-284,success
1064,1049,802,864,518,-185,-284,success
1065,1049,802,863,518,-186,-284,success
1066,1049,802,862,518,-187,-284,success
1067,1049,802,861,518,-188,-284,success
1068,1049,802,859,518,-190,-284,success
1069,1049,803,859,518,-190,-285,success
1070,1049,803,858,518,-191,-285,success
1071,1048,803,856,518,-192,-285,success
1072,1047,802,854,518,-193,-284,success
1073,1047,802,853,519,-194,-283,success
1074,1047,802,853,519,-194,-283,success
1075,1046,802,851,520,-195,-282,success
1076,1046,801,851,521,-195,-280,success
1077,1047,801,849,523,-198,-278,success
1078,1046,800,847,524,-199,-276,success
1079,1047,800,846,525,-201,-275,success
1080,1046,799,845,525,-201,-274,success
1081,1045,799,842,526,-203,-273,success
1082,1046,799,842,526,-204,-273,success
1083,1045,798,839,526,-206,-272,success
1084,1046,799,838,527,-208,-272,success
1085,1046,799,837,526,-209,-273,success
1086,1047,800,835,527,-212,-273,success
1087,1046,799,836,527,-210,-272,success
1088,1046,800,835,527,-211,-273,success
1089,1046,800,832,527,-214,-273,success
1090,1046,800,832,527,-214,-273,success
1091,1047,800,830,526,-217,-274,success
1092,1048,801,829,526,-219,-275,success
1093,1050,802,831,525,-219,-277,success
1094,1051,803,831,524,-220,-279,success
1095,1052,803,829,524,-223,-279,success
1096,1053,804,828,523,-225,-281,success
1097,1051,804,828,523,-223,-281,success
1098,1052,802,828,522,-224,-280,success
1099,1052,803,827,522,-225,-281,success
1100,1053,803,826,522,-227,-281,success
1101,1054,803,825,522,-229,-281,success
1102,1055,803,823,522,-232,-281,success
1103,1054,803,824,521,-230,-282,success
1104,1055,803,823,520,-232,-283,success
1105,1055,802,823,520,-232,-282,success
1106,1056,803,824,520,-232,-283,success
1107,1056,803,825,520,-231,-283,success
1108,1056,804,826,520,-230,-284,success
1109,1056,804,826,520,-230,-284,success
1110,1056,803,827,520,-229,-283,success
1111,1057,804,829,520,-228,-284,success
1112,1056,803,829,520,-227,-283,success
1113,1057,803,829,520,-228,-283,success
1114,1057,804,829,520,-228,-284,success
1115,1057,804,829,520,-228,-284,success
1116,1059,802,830,520,-229,-282,success
1117,1059,802,830,520,-229,-282,success
1118,1057,801,830,521,-227,-280,success
1119,1058,802,830,521,-228,-281,success
1120,1058,801,830,521,-228,-280,success
1121,1058,801,831,522,-227,-279,success
1122,1058,802,831,522,-227,-280,success
1123,1058,802,832,522,-226,-280,success
1124,1058,801,832,522,-226,-279,success
1125,1058,801,832,523,-226,-278,success
1126,1059,801,831,523,-228,-278,success
1127,1059,801,831,524,-228,-277,success
1128,1059,801,830,525,-229,-276,success
1129,1060,801,830,525,-230,-276,success
1130,1061,801,829,526,-232,-275,success
1131,1062,801,828,526,-234,-275,success
1132,1062,802,828,527,-234,-275,success
1133,1063,802,827,528,-236,-274,success
1134,1063,801,827,528,-236,-273,success
1135,1063,801,826,529,-237,-272,success
1136,1066,802,825,530,-241,-272,success
1137,1066,802,825,531,-241,-271,success
1138,1069,803,825,532,-244,-271,success
1139,1068,802,827,533,-241,-269,success
1140,1072,803,828,533,-244,-270,success
1141,1071,807,829,534,-242,-273,success
1142,1070,808,830,533,-240,-275,success
1143,1072,807,831,532,-241,-275,success
1144,1071,808,833,533,-238,-275,success
1145,1073,806,835,532,-238,-274,success
1146,1073,805,835,532,-238,-273,success
1147,1078,802,834,532,-244,-270,success
1148,1079,800,833,533,-246,-267,success
1149,1080,802,833,533,-247,-269,success
1150,1079,801,833,533,-246,-268,success
1151,1080,801,833,533,-247,-268,success
1152,1080,803,832,534,-248,-269,success
1153,1081,801,832,534,-249,-267,success
1154,1081,801,834,534,-247,-267,success
1155,1081,801,835,534,-246,-267,success
1156,1080,801,837,534,-243,-267,success
1157,1081,802,838,533,-243,-269,success
1158,1083,800,842,533,-241,-267,success
1159,1081,800,844,532,-237,-268,success
1160,1083,799,844,532,-239,-267,success
1161,1085,798,846,532,-239,-266,success
1162,1084,798,845,532,-239,-266,success
1163,1084,797,847,533,-237,-264,success
1164,1085,798,846,533,-239,-265,success
1165,1083,799,847,532,-236,-267,success
1166,1085,798,848,533,-237,-265,success
1167,1084,798,849,533,-235,-265,success
1168,1085,797,851,533,-234,-264,success
1169,1085,797,851,533,-234,-264,success
1170,1085,797,852,533,-233,-264,success
1171,1086,797,856,533,-230,-264,success
1172,1086,797,857,533,-229,-264,success
1173,1086,793,860,534,-226,-259,success
1174,1089,791,861,534,-228,-257,success
1175,1085,797,861,534,-224,-263,success
1176,1085,793,862,534,-223,-259,success
1177,1088,791,863,535,-225,-256,success
1178,1087,794,862,536,-225,-258,success
1179,1086,795,862,537,-224,-258,success
1180,1087,794,861,537,-226,-257,success
1181,1086,796,863,537,-223,-259,success
1182,1086,794,864,537,-222,-257,success
1183,1087,795,865,538,-222,-257,success
1184,1086,793,866,537,-220,-256,success
1185,1085,795,868,538,-217,-257,success
1186,1085,796,871,537,-214,-259,success
1187,1085,795,872,537,-213,-258,success
1188,1084,795,875,537,-209,-258,success
1189,1085,795,877,537,-208,-258,success
1190,1085,795,878,537,-207,-258,success
1191,1084,796,879,536,-205,-260,success
1192,1083,797,880,536,-203,-261,success
1193,1082,795,880,537,-202,-258,success
1194,1082,795,879,536,-203,-259,success
1195,1082,795,880,536,-202,-259,success
1196,1081,793,880,536,-201,-257,success
1197,1080,794,881,536,-199,-258,success
1198,1078,793,882,536,-196,-257,success
1199,1078,794,883,536,-195,-258,success
1200,1077,795,883,535,-194,-260,success
1201,1079,795,885,534,-194,-261,success
1202,1078,796,886,534,-192,-262,success
1203,1079,795,887,534,-192,-261,success
1204,1078,792,888,534,-190,-258,success
1205,1076,792,889,535,-187,-257,success
1206,1076,791,887,536,-189,-255,success
1207,1075,792,886,536,-189,-256,success
1208,1073,794,884,537,-189,-257,success
1209,1072,793,883,538,-189,-255,success
1210,1070,795,881,540,-189,-255,success
1211,1069,796,880,541,-189,-255,success
1212,1067,795,880,542,-187,-253,success
1213,1067,795,879,543,-188,-252,success
1214,1065,797,878,544,-187,-253,success
1215,1065,796,880,544,-185,-252,success
1216,1060,798,883,542,-177,-256,success
1217,1058,799,888,542,-170,-257,success
1218,1056,800,890,540,-166,-260,success
1219,1056,800,893,540,-163,-260,success
1220,1055,799,895,539,-160,-260,success
1221,1055,799,898,538,-157,-261,success
1222,1056,799,900,538,-156,-261,success
1223,1055,798,902,537,-153,-261,success
1224,1055,798,904,537,-151,-261,success
1225,1054,798,905,537,-149,-261,success
1226,1052,798,907,537,-145,-261,success
1227,1052,797,908,537,-144,-260,success
1228,1051,798,910,537,-141,-261,success
1229,1051,798,911,537,-140,-261,success
1230,1051,797,913,537,-138,-260,success
1231,1050,796,916,536,-134,-260,success
1232,1050,797,919,537,-131,-260,success
1233,1051,797,924,537,-127,-260,success
1234,1052,797,926,537,-126,-260,success
1235,1053,798,928,538,-125,-260,success
1236,1054,798,933,538,-121,-260,success
1237,1055,798,937,538,-118,-260,success
1238,1058,798,943,539,-115,-259,success
1239,1057,800,945,538,-112,-262,success
1240,1059,799,947,539,-112,-260,success
1241,1062,799,954,538,-108,-261,success
1242,1064,800,955,539,-109,-261,success
1243,1066,800,963,539,-103,-261,success
1244,1067,800,965,539,-102,-261,success
1245,1069,798,967,539,-102,-259,success
1246,1071,801,975,538,-96,-263,success
1247,1072,799,977,538,-95,-261,success
1248,1075,797,986,536,-89,-261,success
1249,1076,797,988,537,-88,-260,success
1250,1077,797,992,537,-85,-260,success
1251,1078,794,998,537,-80,-257,success
1252,1084,791,1001,538,-83,-253,success
1253,1085,788,1006,539,-79,-249,success
1254,1085,788,1008,539,-77,-249,success
1255,1085,789,1011,540,-74,-249,success
1256,1085,788,1021,540,-64,-248,success
1257,1087,788,1024,542,-63,-246,success
1258,1089,788,1032,539,-57,-249,success
1259,1089,788,1035,539,-54,-249,success
1260,1091,788,1040,539,-51,-249,success
1261,1095,787,1048,538,-47,-249,success
1262,1096,787,1052,539,-44,-248,success
1263,1097,787,1061,538,-36,-249,success
1264,1097,787,1064,538,-33,-249,success
1265,1091,785,1066,538,-25,-247,success
1266,1090,783,1075,536,-15,-247,success
1267,1089,781,1080,536,-9,-245,success
1268,1089,778,1086,535,-3,-243,success
1269,1087,777,1090,535,3,-242,success
1270,1088,780,1090,535,2,-245,success
1271,1087,776,1097,532,10,-244,success
1272,1087,770,1098,532,11,-238,success
1273,1090,769,1103,528,13,-241,success
1274,1090,769,1105,528,15,-241,success
1275,1094,770,1106,528,12,-242,success
1276,1097,770,1110,525,13,-245,success
1277,1100,769,1113,525,13,-244,success
1278,1100,773,1116,524,16,-249,success
1279,1099,777,1115,524,16,-253,success
1280,1098,775,1117,523,19,-252,success
1281,1097,772,1118,522,21,-250,success
1282,1096,773,1119,522,23,-251,success
1283,1098,772,1119,520,21,-252,success
1284,1098,772,1120,519,22,-253,success
1285,1099,772,1121,518,22,-254,success
1286,1100,771,1121,516,21,-255,success
1287,1100,772,1122,516,22,-256,success
1288,1099,772,1122,515,23,-257,success
1289,1098,773,1122,515,24,-258,success
1290,1099,772,1123,515,24,-257,success
1291,1097,771,1125,516,28,-255,success
1292,1098,770,1125,516,27,-254,success
1293,1098,769,1124,517,26,-252,success
1294,1099,769,1124,517,25,-252,success
1295,1100,768,1124,516,24,-252,success
1296,1099,769,1124,516,25,-253,success
1297,1097,770,1123,515,26,-255,success
1298,1098,770,1122,515,24,-255,success
1299,1099,769,1122,514,23,-255,success
1300,1098,771,1122,515,24,-256,success
1301,1099,773,1121,514,22,-259,success
1302,1098,775,1120,513,22,-262,success
1303,1097,776,1121,514,24,-262,success
1304,1095,778,1121,514,26,-264,success
1305,1094,778,1121,514,27,-264,success
1306,1093,778,1121,515,28,-263,success
1307,1093,780,1122,515,29,-265,success
1308,1093,780,1122,516,29,-264,success
1309,1093,782,1123,517,30,-265,success
1310,1093,783,1122,517,29,-266,success
1311,1093,783,1122,518,29,-265,success
1312,1093,783,1123,518,30,-265,success
1313,1096,781,1122,519,26,-262,success
1314,1095,781,1121,519,26,-262,success
1315,1096,781,1120,518,24,-263,success
1316,1097,782,1118,517,21,-265,success
1317,1099,782,1116,517,17,-265,success
1318,1101,783,1115,516,14,-267,success
1319,1100,785,1114,515,14,-270,success
1320,1101,786,1114,515,13,-271,success
1321,1102,785,1114,515,12,-270,success
1322,1102,785,1114,515,12,-270,success
1323,1104,783,1113,516,9,-267,success
1324,1104,782,1113,516,9,-266,success
1325,1105,780,1113,517,8,-263,success
1326,1103,779,1113,517,10,-262,success
1327,1100,775,1113,518,13,-257,success
1328,1097,776,1113,519,16,-257,success
1329,1096,777,1113,520,17,-257,success
1330,1100,780,1113,519,13,-261,success
1331,1113,779,1113,521,0,-258,success
1332,1114,779,1113,521,-1,-258,success
1333,1114,779,1113,522,-1,-257,success
1334,1115,781,1114,522,-1,-259,success
1335,1115,780,1113,522,-2,-258,success
1336,1113,781,1114,522,1,-259,success
1337,1110,779,1115,522,5,-257,success
1338,1106,777,1115,522,9,-255,success
1339,1101,778,1116,522,15,-256,success
1340,1098,779,1116,523,18,-256,success
1341,1098,782,1117,521,19,-261,success
1342,1098,783,1118,522,20,-261,success
1343,1091,784,1119,520,28,-264,success
1344,1091,782,1120,520,29,-262,success
1345,1083,782,1121,520,38,-262,success
1346,1079,780,1126,520,47,-260,success
1347,1080,783,1127,519,47,-264,success
1348,1083,782,1129,518,46,-264,success
1349,1085,781,1129,517,44,-264,success
1350,1084,780,1130,517,46,-263,success
1351,1081,782,1133,515,52,-267,success
1352,1081,782,1134,514,53,-268,success
1353,1078,780,1137,513,59,-267,success
1354,1076,781,1139,512,63,-269,success
1355,1078,781,1141,512,63,-269,success
1356,1081,779,1145,512,64,-267,success
1357,1081,778,1146,512,65,-266,success
1358,1084,779,1151,512,67,-267,success
1359,1086,781,1153,512,67,-269,success
1360,1090,784,1153,512,63,-272,success
1361,1092,787,1159,512,67,-275,success
1362,1093,788,1160,513,67,-275,success
1363,1091,791,1168,514,77,-277,success
1364,1090,795,1170,515,80,-280,success
1365,1087,794,1171,515,84,-279,success
1366,1090,791,1177,516,87,-275,success
1367,1089,795,1179,517,90,-278,success
1368,1089,798,1185,518,96,-280,success
1369,1088,799,1186,518,98,-281,success
1370,1086,799,1187,519,101,-280,success
1371,1088,793,1193,520,105,-273,success
1372,1085,794,1195,520,110,-274,success
1373,1086,790,1199,521,113,-269,success
1374,1082,792,1202,522,120,-270,success
1375,1084,791,1204,522,120,-269,success
1376,1085,790,1208,522,123,-268,success
1377,1085,790,1209,523,124,-267,success
1378,1085,790,1214,522,129,-268,success
1379,1085,789,1215,523,130,-266,success
1380,1086,790,1217,523,131,-267,success
1381,1085,790,1220,523,135,-267,success
1382,1086,791,1222,523,136,-268,success
1383,1089,793,1225,524,136,-269,success
1384,1090,795,1227,525,137,-270,success
1385,1091,794,1229,525,138,-269,success
1386,1094,795,1231,525,137,-270,success
1387,1095,804,1235,526,140,-278,success
1388,1102,803,1238,526,136,-277,success
1389,1102,799,1239,527,137,-272,success
1390,1103,794,1240,528,137,-266,success
1391,1104,791,1243,529,139,-262,success
1392,1103,794,1245,530,142,-264,success
1393,1102,793,1247,531,145,-262,success
1394,1104,794,1250,532,146,-262,success
1395,1103,793,1252,533,149,-260,success
1396,1102,794,1256,534,154,-260,success
1397,1103,794,1258,534,155,-260,success
1398,1102,795,1261,536,159,-259,success
1399,1102,793,1262,536,160,-257,success
1400,1102,794,1267,537,165,-257,success
1401,1103,793,1269,538,166,-255,success
1402,1102,794,1272,539,170,-255,success
1403,1101,793,1274,540,173,-253,success
1404,1100,795,1276,540,176,-255,success
1405,1102,793,1277,541,175,-252,success
1406,1100,794,1279,540,179,-254,success
1407,1100,794,1280,541,180,-253,success
1408,1102,794,1284,541,182,-253,success
1409,1101,795,1285,541,184,-254,success
1410,1100,795,1286,541,186,-254,success
1411,1102,794,1288,541,186,-253,success
1412,1103,795,1288,541,185,-254,success
1413,1103,796,1290,541,187,-255,success
1414,1103,795,1292,541,189,-254,success
1415,1104,795,1293,541,189,-254,success
1416,1103,796,1294,541,191,-255,success
1417,1105,796,1294,541,189,-255,success
1418,1106,797,1294,542,188,-255,success
1419,1108,797,1294,542,186,-255,success
1420,1108,800,1294,542,186,-258,success
1421,1107,801,1294,542,187,-259,success
1422,1109,801,1293,542,184,-259,success
1423,1109,805,1291,542,182,-263,success
1424,1111,806,1292,542,181,-264,success
1425,1112,805,1290,542,178,-263,success
1426,1111,809,1289,542,178,-267,success
1427,1115,809,1288,542,173,-267,success
1428,1115,810,1286,543,171,-267,success
1429,1115,810,1285,543,170,-267,success
1430,1116,810,1284,544,168,-266,success
1431,1117,812,1279,545,162,-267,success
1432,1116,812,1277,545,161,-267,success
1433,1116,811,1273,546,157,-265,success
1434,1117,812,1271,546,154,-266,success
1435,1117,811,1269,547,152,-264,success
1436,1117,811,1259,547,142,-264,success
1437,1117,812,1259,548,142,-264,success
1438,1116,811,1248,548,132,-263,success
1439,1115,811,1246,549,131,-262,success
1440,1116,810,1244,549,128,-261,success
1441,1116,811,1233,550,117,-261,success
1442,1117,811,1230,550,113,-261,success
1443,1116,810,1219,551,103,-259,success
1444,1116,810,1217,551,101,-259,success
1445,1116,810,1214,552,98,-258,success
1446,1115,810,1203,552,88,-258,success
1447,1116,809,1201,553,85,-256,success
1448,1116,809,1188,553,72,-256,success
1449,1118,809,1181,553,63,-256,success
1450,1117,810,1177,553,60,-257,success
1451,1117,810,1164,552,47,-258,success
1452,1117,811,1162,552,45,-259,success
1453,1117,811,1148,551,31,-260,success
1454,1117,811,1137,550,20,-261,success
1455,1118,811,1136,550,18,-261,success
1456,1117,811,1123,549,6,-262,success
1457,1117,812,1120,548,3,-264,success
1458,1116,810,1111,549,-5,-261,success
1459,1114,810,1107,550,-7,-260,success
1460,1113,809,1099,551,-14,-258,success
1461,1109,808,1093,551,-16,-257,success
1462,1106,806,1093,551,-13,-255,success
1463,1102,802,1092,551,-10,-251,success
1464,1099,796,1088,551,-11,-245,success
1465,1095,796,1087,552,-8,-244,success
1466,1092,802,1087,552,-5,-250,success
1467,1093,805,1087,552,-6,-253,success
1468,1094,805,1087,552,-7,-253,success
1469,1093,807,1090,552,-3,-255,success
1470,1094,806,1092,551,-2,-255,success
1471,1093,807,1092,551,-1,-256,success
1472,1094,805,1094,551,0,-254,success
1473,1092,806,1095,551,3,-255,success
1474,1091,806,1095,550,4,-256,success
1475,1092,806,1096,550,4,-256,success
1476,1092,810,1099,550,7,-260,success
1477,1092,809,1101,550,9,-259,success
1478,1094,808,1104,549,10,-259,success
1479,1094,806,1107,549,13,-257,success
1480,1095,807,1109,549,14,-258,success
1481,1096,807,1112,548,16,-259,success
1482,1096,810,1115,548,19,-262,success
1483,1098,813,1117,547,19,-266,success
1484,1099,814,1119,547,20,-267,success
1485,1098,815,1120,547,22,-268,success
1486,1096,816,1124,547,28,-269,success
1487,1094,817,1125,547,31,-270,success
1488,1093,814,1127,548,34,-266,success
1489,1092,814,1128,548,36,-266,success
1490,1087,815,1129,547,42,-268,success
1491,1084,815,1131,547,47,-268,success
1492,1085,815,1133,548,48,-267,success
1493,1082,815,1135,547,53,-268,success
1494,1078,815,1137,547,59,-268,success
1495,1079,813,1138,547,59,-266,success
1496,1075,812,1141,547,66,-265,success
1497,1078,811,1145,548,67,-263,success
1498,1074,810,1150,549,76,-261,success
1499,1075,810,1152,550,77,-260,success
1500,1075,810,1153,551,78,-259,success
1501,1075,809,1156,552,81,-257,success
1502,1075,810,1158,553,83,-257,success
1503,1075,808,1161,554,86,-254,success
1504,1072,809,1163,553,91,-256,success
1505,1074,810,1164,553,90,-257,success
1506,1069,814,1167,552,98,-262,success
1507,1066,816,1169,552,103,-264,success
1508,1059,812,1173,552,114,-260,success
1509,1056,811,1174,552,118,-259,success
1510,1055,808,1176,552,121,-256,success
1511,1063,799,1178,553,115,-246,success
1512,1062,805,1180,554,118,-251,success
1513,1062,805,1183,554,121,-251,success
1514,1062,805,1184,555,122,-250,success
1515,1062,806,1184,555,122,-251,success
1516,1061,806,1182,555,121,-251,success
1517,1060,807,1179,556,119,-251,success
1518,1056,806,1178,556,122,-250,success
1519,1053,807,1176,556,123,-251,success
1520,1045,805,1176,556,131,-249,success
1521,1053,810,1176,556,123,-254,success
1522,1053,809,1176,557,123,-252,success
1523,1051,807,1177,557,126,-250,success
1524,1052,809,1178,557,126,-252,success
1525,1053,808,1178,557,125,-251,success
1526,1054,808,1178,557,124,-251,success
1527,1055,808,1178,558,123,-250,success
1528,1056,808,1177,558,121,-250,success
1529,1057,808,1176,558,119,-250,success
1530,1056,808,1176,558,120,-250,success
1531,1055,808,1176,557,121,-251,success
1532,1055,806,1174,556,119,-250,success
1533,1056,806,1174,555,118,-251,success
1534,1056,807,1174,555,118,-252,success
1535,1057,808,1173,554,116,-254,success
1536,1058,807,1171,554,113,-253,success
1537,1059,808,1170,553,111,-255,success
1538,1061,807,1168,553,107,-254,success
1539,1060,807,1166,552,106,-255,success
1540,1060,807,1165,552,105,-255,success
1541,1061,807,1163,551,102,-256,success
1542,1061,808,1161,551,100,-257,success
1543,1064,806,1160,550,96,-256,success
1544,1062,807,1159,550,97,-257,success
1545,1062,807,1157,549,95,-258,success
1546,1062,806,1157,549,95,-257,success
1547,1062,806,1156,548,94,-258,success
1548,1063,806,1155,547,92,-259,success
1549,1064,807,1154,548,90,-259,success
1550,1064,808,1153,547,89,-261,success
1551,1067,807,1153,547,86,-260,success
1552,1065,809,1152,546,87,-263,success
1553,1066,809,1152,545,86,-264,success
1554,1067,807,1151,544,84,-263,success
1555,1070,807,1151,544,81,-263,success
1556,1070,808,1152,542,82,-266,success
1557,1071,807,1152,541,81,-266,success
1558,1072,808,1152,539,80,-269,success
1559,1072,808,1152,539,80,-269,success
1560,1072,808,1152,538,80,-270,success
1561,1073,808,1152,537,79,-271,success
1562,1073,808,1151,537,78,-271,success
1563,1074,806,1152,537,78,-269,success
1564,1075,806,1152,536,77,-270,success
1565,1074,806,1151,536,77,-270,success
1566,1074,806,1151,536,77,-270,success
1567,1074,805,1151,536,77,-269,success
1568,1075,804,1151,537,76,-267,success
1569,1075,804,1151,538,76,-266,success
1570,1076,805,1151,539,75,-266,success
1571,1075,805,1152,539,77,-266,success
1572,1075,806,1151,540,76,-266,success
1573,1073,806,1151,540,78,-266,success
1574,1074,805,1151,539,77,-266,success
1575,1074,805,1151,539,77,-266,success
1576,1076,805,1151,538,75,-267,success
1577,1078,805,1152,537,74,-268,success
1578,1077,806,1153,536,76,-270,success
1579,1077,806,1153,536,76,-270,success
1580,1077,806,1152,536,75,-270,success
1581,1076,807,1152,537,76,-270,success
1582,1076,806,1152,537,76,-269,success
1583,1077,806,1151,537,74,-269,success
1584,1077,806,1151,536,74,-270,success
1585,1076,806,1150,536,74,-270,success
1586,1076,806,1150,535,74,-271,success
1587,1077,806,1149,534,72,-272,success
1588,1076,806,1147,533,71,-273,success
1589,1076,806,1147,533,71,-273,success
1590,1077,806,1145,533,68,-273,success
1591,1075,805,1144,534,69,-271,success
1592,1074,803,1143,533,69,-270,success
1593,1075,802,1139,533,64,-269,success
1594,1074,802,1138,534,64,-268,success
1595,1075,801,1136,533,61,-268,success
1596,1075,801,1134,534,59,-267,success
1597,1073,802,1132,534,59,-268,success
1598,1073,801,1131,535,58,-266,success
1599,1072,802,1129,536,57,-266,success
1600,1072,802,1127,535,55,-267,success
1601,1070,803,1124,536,54,-267,success
1602,1069,805,1122,537,53,-268,success
1603,1067,806,1119,538,52,-268,success
1604,1065,805,1118,538,53,-267,success
1605,1065,805,1116,539,51,-266,success
1606,1063,807,1114,539,51,-268,success
1607,1061,806,1112,540,51,-266,success
1608,1060,807,1109,540,49,-267,success
1609,1059,806,1108,541,49,-265,success
1610,1057,807,1106,541,49,-266,success
1611,1055,807,1103,541,48,-266,success
1612,1054,806,1102,541,48,-265,success
1613,1052,808,1099,541,47,-267,success
1614,1052,808,1097,541,45,-267,success
1615,1052,808,1095,541,43,-267,success
1616,1051,809,1092,541,41,-268,success
1617,1047,810,1091,541,44,-269,success
1618,1046,810,1088,542,42,-268,success
1619,1044,810,1086,543,42,-267,success
1620,1044,810,1085,543,41,-267,success
1621,1041,810,1082,544,41,-266,success
1622,1037,810,1080,544,43,-266,success
1623,1036,811,1076,544,40,-267,success
1624,1034,811,1076,544,42,-267,success
1625,1034,810,1073,544,39,-266,success
1626,1032,810,1073,543,41,-267,success
1627,1029,810,1071,544,42,-266,success
1628,1028,810,1070,543,42,-267,success
1629,1027,810,1070,542,43,-268,success
1630,1025,810,1067,543,42,-267,success
1631,1022,810,1066,543,44,-267,success
1632,1021,810,1065,543,44,-267,success
1633,1020,810,1063,542,43,-268,success
1634,1019,808,1062,542,43,-266,success
1635,1017,807,1061,542,44,-265,success
1636,1015,806,1059,542,44,-264,success
1637,1015,805,1058,542,43,-263,success
1638,1013,807,1057,541,44,-266,success
1639,1012,806,1056,541,44,-265,success
1640,1010,808,1055,541,45,-267,success
1641,1008,806,1052,541,44,-265,success
1642,1006,804,1051,540,45,-264,success
1643,1003,804,1049,540,46,-264,success
1644,1001,804,1047,540,46,-264,success
1645,999,805,1047,540,48,-265,success
1646,997,806,1043,540,46,-266,success
1647,994,805,1041,542,47,-263,success
1648,991,803,1039,543,48,-260,success
1649,990,803,1036,545,46,-258,success
1650,987,802,1034,546,47,-256,success
1651,988,801,1031,548,43,-253,success
1652,988,800,1030,549,42,-251,success
1653,985,805,1026,550,41,-255,success
1654,984,805,1024,550,40,-255,success
1655,982,803,1022,550,40,-253,success
1656,981,803,1020,550,39,-253,success
1657,979,803,1017,550,38,-253,success
1658,977,803,1014,550,37,-253,success
1659,975,802,1010,550,35,-252,success
1660,969,803,1007,551,38,-252,success
1661,972,798,1002,551,30,-247,success
1662,972,799,999,552,27,-247,success
1663,971,799,998,551,27,-248,success
1664,970,799,995,552,25,-247,success
1665,971,799,993,551,22,-248,success
1666,970,799,992,551,22,-248,success
1667,970,800,989,551,19,-249,success
1668,969,799,985,552,16,-247,success
1669,968,800,984,551,16,-249,success
1670,966,799,984,551,18,-248,success
1671,966,799,982,551,16,-248,success
1672,964,799,979,550,15,-249,success
1673,964,799,980,549,16,-250,success
1674,963,799,979,548,16,-251,success
1675,963,798,978,548,15,-250,success
1676,963,798,976,549,13,-249,success
1677,964,798,973,549,9,-249,success
1678,965,798,971,549,6,-249,success
1679,965,800,967,550,2,-250,success
1680,965,799,968,550,3,-249,success
1681,963,800,964,552,1,-248,success
1682,964,800,963,551,-1,-249,success
1683,964,798,960,552,-4,-246,success
1684,963,799,958,552,-5,-247,success
1685,963,798,957,552,-6,-246,success
1686,962,799,953,552,-9,-247,success
1687,962,797,952,551,-10,-246,success
1688,962,799,948,552,-14,-247,success
1689,964,794,947,553,-17,-241,success
1690,963,795,944,552,-19,-243,success
1691,963,793,943,550,-20,-243,success
1692,962,795,938,550,-24,-245,success
1693,961,795,937,547,-24,-248,success
1694,962,795,930,546,-32,-249,success
1695,962,795,932,544,-30,-251,success
1696,961,795,924,542,-37,-253,success
1697,962,797,921,539,-41,-258,success
1698,962,796,914,536,-48,-260,success
1699,963,794,911,534,-52,-260,success
1700,963,790,908,533,-55,-257,success
1701,941,793,903,530,-38,-263,success
1702,943,797,900,530,-43,-267,success
1703,944,803,897,527,-47,-276,success
1704,938,809,893,526,-45,-283,success
1705,941,809,890,525,-51,-284,success
1706,942,808,885,524,-57,-284,success
1707,943,808,879,524,-64,-284,success
1708,942,808,875,523,-67,-285,success
1709,936,816,868,523,-68,-293,success
1710,935,806,867,523,-68,-283,success
1711,938,803,860,523,-78,-280,success
1712,940,805,857,522,-83,-283,success
1713,943,804,849,522,-94,-282,success
1714,946,806,846,523,-100,-283,success
1715,947,804,843,524,-104,-280,success
1716,946,804,833,526,-113,-278,success
1717,944,803,834,528,-110,-275,success
1718,941,803,824,530,-117,-273,success
1719,940,802,823,531,-117,-271,success
1720,938,801,818,534,-120,-267,success
1721,936,796,811,537,-125,-259,success
1722,941,799,811,537,-130,-262,success
1723,934,801,804,540,-130,-261,success
1724,927,805,800,542,-127,-263,success
1725,920,798,799,542,-121,-256,success
1726,947,788,792,543,-155,-245,success
1727,937,800,788,544,-149,-256,success
1728,944,805,784,544,-160,-261,success
1729,938,813,783,544,-155,-269,success
1730,923,811,779,543,-144,-268,success
1731,920,808,775,543,-145,-265,success
1732,925,805,774,543,-151,-262,success
1733,919,801,773,542,-146,-259,success
1734,922,805,770,541,-152,-264,success
1735,916,808,769,541,-147,-267,success
1736,916,806,769,539,-147,-267,success
1737,918,808,767,539,-151,-269,success
1738,919,808,766,538,-153,-270,success
1739,918,809,766,537,-152,-272,success
1740,920,811,765,536,-155,-275,success
1741,920,814,764,535,-156,-279,success
1742,923,817,764,534,-159,-283,success
1743,931,820,763,534,-168,-286,success
1744,937,824,763,533,-174,-291,success
1745,963,821,762,533,-201,-288,success
1746,953,819,762,533,-191,-286,success
1747,955,820,762,533,-193,-287,success
1748,954,820,758,533,-196,-287,success
1749,949,821,758,534,-191,-287,success
1750,944,819,756,535,-188,-284,success
1751,949,814,757,536,-192,-278,success
1752,946,808,756,536,-190,-272,success
1753,959,807,754,538,-205,-269,success
1754,959,811,756,538,-203,-273,success
1755,961,810,754,540,-207,-270,success
1756,963,808,755,541,-208,-267,success
1757,968,811,755,542,-213,-269,success
1758,974,810,756,544,-218,-266,success
1759,976,808,760,544,-216,-264,success
1760,973,809,760,545,-213,-264,success
1761,971,810,761,546,-210,-264,success
1762,968,813,761,546,-207,-267,success
1763,969,812,763,548,-206,-264,success
1764,969,813,765,548,-204,-265,success
1765,981,803,765,548,-216,-255,success
1766,979,790,767,549,-212,-241,success
1767,922,811,768,550,-154,-261,success
1768,912,793,770,552,-142,-241,success
1769,884,785,772,552,-112,-233,success
1770,884,778,772,552,-112,-226,success
1771,856,767,774,553,-82,-214,success
1772,852,763,775,553,-77,-210,success
1773,824,744,778,554,-46,-190,success
1774,803,730,780,554,-23,-176,success
1775,788,731,781,554,-7,-177,success
1776,763,722,784,554,21,-168,success
1777,753,718,785,553,32,-165,success
1778,1010,807,788,552,-222,-255,success
1779,1024,809,787,552,-237,-257,success
1780,1025,811,789,552,-236,-259,success
1781,1028,810,792,553,-236,-257,success
1782,1029,812,793,553,-236,-259,success
1783,1031,812,796,554,-235,-258,success
1784,1034,812,798,553,-236,-259,success
1785,1035,813,800,553,-235,-260,success
1786,1038,812,805,553,-233,-259,success
1787,1041,813,809,552,-232,-261,success
1788,1046,814,814,551,-232,-263,success
1789,1050,815,815,550,-235,-265,success
1790,1050,815,820,550,-230,-265,success
1791,1053,814,825,550,-228,-264,success
1792,1052,815,826,550,-226,-265,success
1793,1055,813,832,551,-223,-262,success
1794,1055,814,837,551,-218,-263,success
1795,1054,814,839,552,-215,-262,success
1796,1054,813,846,555,-208,-258,success
1797,1055,813,846,554,-209,-259,success
1798,1054,813,850,554,-204,-259,success
1799,1058,813,854,555,-204,-258,success
1800,1059,812,857,555,-202,-257,success
1801,1061,812,863,556,-198,-256,success
1802,1061,813,865,556,-196,-257,success
1803,1062,812,869,557,-193,-255,success
1804,1063,813,871,557,-192,-256,success
1805,1063,812,873,557,-190,-255,success
1806,1064,813,878,558,-186,-255,success
1807,1064,812,881,558,-183,-254,success
1808,1065,811,884,558,-181,-253,success
1809,1066,812,888,558,-178,-254,success
1810,1067,813,888,557,-179,-256,success
1811,1073,813,896,556,-177,-257,success
1812,1075,814,897,556,-178,-258,success
1813,1077,813,901,555,-176,-258,success
1814,1079,811,906,555,-173,-256,success
1815,1080,810,908,555,-172,-255,success
1816,1080,809,912,555,-168,-254,success
1817,1080,809,915,555,-165,-254,success
1818,1081,809,919,555,-162,-254,success
1819,1082,809,923,555,-159,-254,success
1820,1083,811,924,555,-159,-256,success
1821,1082,811,929,556,-153,-255,success
1822,1083,812,929,556,-154,-256,success
1823,1083,812,933,557,-150,-255,success
1824,1083,813,934,557,-149,-256,success
1825,1084,813,934,556,-150,-257,success
1826,1086,813,937,556,-149,-257,success
1827,1087,813,939,556,-148,-257,success
1828,1088,813,941,556,-147,-257,success
1829,1089,814,941,556,-148,-258,success
1830,1090,814,941,556,-149,-258,success
1831,1090,813,942,556,-148,-257,success
1832,1089,813,942,556,-147,-257,success
1833,1092,813,940,556,-152,-257,success
1834,1092,811,940,556,-152,-255,success
1835,1092,811,939,554,-153,-257,success
1836,1094,809,939,555,-155,-254,success
1837,1096,807,938,555,-158,-252,success
1838,1098,807,938,554,-160,-253,success
1839,1099,807,938,554,-161,-253,success
1840,1099,807,937,553,-162,-254,success
1841,1100,808,937,553,-163,-255,success
1842,1099,808,936,553,-163,-255,success
1843,1099,808,935,552,-164,-256,success
1844,1097,807,935,552,-162,-255,success
1845,1099,807,934,551,-165,-256,success
1846,1099,807,934,551,-165,-256,success
1847,1099,807,933,551,-166,-256,success
1848,1099,807,932,550,-167,-257,success
1849,1098,808,932,551,-166,-257,success
1850,1098,809,931,550,-167,-259,success
1851,1097,809,931,551,-166,-258,success
1852,1097,809,930,551,-167,-258,success
1853,1097,809,929,550,-168,-259,success
1854,1096,809,929,551,-167,-258,success
1855,1097,808,928,551,-169,-257,success
1856,1097,808,928,550,-169,-258,success
1857,1097,807,927,550,-170,-257,success
1858,1098,807,926,550,-172,-257,success
1859,1098,808,925,550,-173,-258,success
1860,1096,808,925,550,-171,-258,success
1861,1098,809,923,549,-175,-260,success
1862,1097,808,922,549,-175,-259,success
1863,1096,808,922,549,-174,-259,success
1864,1096,808,922,548,-174,-260,success
1865,1096,808,921,548,-175,-260,success
1866,1097,808,921,547,-176,-261,success
1867,1097,808,920,547,-177,-261,success
1868,1096,808,921,547,-175,-261,success
1869,1095,808,920,547,-175,-261,success
1870,1095,808,920,547,-175,-261,success
1871,1095,808,920,547,-175,-261,success
1872,1094,808,920,546,-174,-262,success
1873,1094,809,920,547,-174,-262,success
1874,1092,807,920,546,-172,-261,success
1875,1093,808,920,546,-173,-262,success
1876,1093,809,919,545,-174,-264,success
1877,1093,808,920,545,-173,-263,success
1878,1092,809,920,544,-172,-265,success
1879,1092,809,920,544,-172,-265,success
1880,1092,809,920,543,-172,-266,success
1881,1091,809,920,542,-171,-267,success
1882,1089,811,920,542,-169,-269,success
1883,1090,814,919,542,-171,-272,success
1884,1089,814,919,542,-170,-272,success
1885,1089,813,919,542,-170,-271,success
1886,1088,813,919,542,-169,-271,success
1887,1089,814,919,541,-170,-273,success
1888,1088,815,919,541,-169,-274,success
1889,1088,816,919,540,-169,-276,success
1890,1087,815,919,540,-168,-275,success
1891,1088,816,918,539,-170,-277,success
1892,1087,815,919,539,-168,-276,success
1893,1088,816,918,538,-170,-278,success
1894,1087,817,918,538,-169,-279,success
1895,1087,815,918,538,-169,-277,success
1896,1087,816,918,539,-169,-277,success
1897,1087,815,918,539,-169,-276,success
1898,1086,815,918,540,-168,-275,success
1899,1086,816,920,541,-166,-275,success
1900,1086,815,919,540,-167,-275,success
1901,1085,816,920,541,-165,-275,success
1902,1085,815,921,541,-164,-274,success
1903,1084,817,921,540,-163,-277,success
1904,1084,817,921,538,-163,-279,success
1905,1084,817,922,538,-162,-279,success
1906,1083,817,923,538,-160,-279,success
1907,1084,818,923,537,-161,-281,success
1908,1083,818,923,537,-160,-281,success
1909,1084,818,924,537,-160,-281,success
1910,1082,818,924,537,-158,-281,success
1911,1082,819,926,537,-156,-282,success
1912,1083,818,926,537,-157,-281,success
1913,1081,819,927,537,-154,-282,success
1914,1081,819,928,537,-153,-282,success
1915,1080,818,929,538,-151,-280,success
1916,1080,819,930,538,-150,-281,success
1917,1078,822,931,538,-147,-284,success
1918,1078,822,932,538,-146,-284,success
1919,1078,823,933,537,-145,-286,success
1920,1077,824,933,537,-144,-287,success
1921,1077,824,934,535,-143,-289,success
1922,1076,822,934,535,-142,-287,success
1923,1076,821,935,534,-141,-287,success
1924,1077,822,935,534,-142,-288,success
1925,1077,821,936,534,-141,-287,success
1926,1077,822,938,534,-139,-288,success
1927,1077,821,939,534,-138,-287,success
1928,1078,820,941,533,-137,-287,success
1929,1077,819,941,533,-136,-286,success
1930,1077,819,942,532,-135,-287,success
1931,1077,818,943,532,-134,-286,success
1932,1077,819,943,532,-134,-287,success
1933,1077,819,944,532,-133,-287,success
1934,1076,818,945,532,-131,-286,success
1935,1077,816,946,532,-131,-284,success
1936,1078,817,946,532,-132,-285,success
1937,1077,816,946,533,-131,-283,success
1938,1077,816,947,532,-130,-284,success
1939,1078,816,946,532,-132,-284,success
1940,1078,816,947,531,-131,-285,success
1941,1079,816,949,530,-130,-286,success
1942,1080,817,950,529,-130,-288,success
1943,1080,816,950,528,-130,-288,success
1944,1080,818,950,528,-130,-290,success
1945,1081,817,950,528,-131,-289,success
1946,1083,816,951,528,-132,-288,success
1947,1083,817,950,528,-133,-289,success
1948,1083,817,950,528,-133,-289,success
1949,1083,816,950,528,-133,-288,success
1950,1084,817,950,528,-134,-289,success
1951,1083,817,950,528,-133,-289,success
1952,1083,817,948,527,-135,-290,success
1953,1084,817,949,527,-135,-290,success
1954,1085,817,949,527,-136,-290,success
1955,1086,816,949,527,-137,-289,success
1956,1087,817,948,527,-139,-290,success
1957,1087,817,948,527,-139,-290,success
1958,1088,817,948,527,-140,-290,success
1959,1089,817,947,527,-142,-290,success
1960,1089,818,946,527,-143,-291,success
1961,1091,817,946,526,-145,-291,success
1962,1090,817,945,526,-145,-291,success
1963,1090,817,945,526,-145,-291,success
1964,1091,817,945,526,-146,-291,success
1965,1091,819,943,526,-148,-293,success
1966,1093,819,943,526,-150,-293,success
1967,1093,819,942,526,-151,-293,success
1968,1093,820,941,525,-152,-295,success
1969,1093,819,941,525,-152,-294,success
1970,1094,820,939,525,-155,-295,success
1971,1095,820,938,525,-157,-295,success
1972,1096,819,938,525,-158,-294,success
1973,1096,820,937,524,-159,-296,success
1974,1096,820,936,523,-160,-297,success
1975,1097,820,936,524,-161,-296,success
1976,1099,819,934,523,-165,-296,success
1977,1098,819,935,524,-163,-295,success
1978,1101,819,932,524,-169,-295,success
1979,1102,819,931,523,-171,-296,success
1980,1102,819,932,524,-170,-295,success
1981,1102,820,931,523,-171,-297,success
1982,1102,820,931,523,-171,-297,success
1983,1103,820,928,523,-175,-297,success
1984,1104,820,929,524,-175,-296,success
1985,1107,820,927,524,-180,-296,success
1986,1108,819,927,524,-181,-295,success
1987,1112,819,928,524,-184,-295,success
1988,1112,819,927,524,-185,-295,success
1989,1114,818,926,524,-188,-294,success
1990,1114,820,926,524,-188,-296,success
1991,1115,819,928,522,-187,-297,success
1992,1116,820,927,521,-189,-299,success
