frame,x,y,width,height,tracking
1,894,492,60,50,success
2,896,493,58,48,success
3,895,492,61,51,success
4,896,492,60,50,success
5,896,492,60,50,success
6,897,493,58,48,success
7,896,492,61,51,success
8,893,491,65,54,success
9,896,492,61,51,success
10,895,492,62,52,success
11,896,493,60,50,success
12,896,492,61,51,success
13,896,492,60,50,success
14,896,492,61,51,success
15,896,492,60,50,success
16,896,492,61,51,success
17,896,493,59,49,success
18,896,494,60,50,success
19,895,493,62,52,success
20,894,492,64,53,success
21,894,492,64,53,success
22,893,492,65,54,success
23,889,489,69,57,success
24,892,490,64,53,success
25,891,491,64,53,success
26,890,491,64,53,success
27,890,493,62,52,success
28,888,493,62,52,success
29,886,492,65,54,success
30,887,493,61,51,success
31,886,493,61,51,success
32,884,491,62,52,success
33,884,491,60,50,success
34,882,489,61,51,success
35,881,488,61,51,success
36,878,487,61,51,success
37,877,486,61,51,success
38,873,486,64,53,success
39,872,486,65,54,success
40,872,487,62,52,success
41,866,486,68,56,success
42,865,488,69,57,success
43,862,488,68,56,success
44,861,488,68,56,success
45,858,488,70,59,success
46,856,487,70,59,success
47,855,487,70,59,success
48,853,487,69,57,success
49,851,487,70,59,success
50,851,488,69,57,success
51,850,490,68,56,success
52,847,489,70,59,success
53,846,489,72,60,success
54,847,489,70,59,success
55,846,488,72,60,success
56,847,488,70,59,success
57,848,487,70,59,success
58,848,488,69,57,success
59,848,488,69,57,success
60,847,487,69,57,success
61,845,487,68,56,success
62,845,489,68,56,success
63,842,489,68,56,success
64,839,487,72,60,success
65,837,486,73,61,success
66,834,486,73,61,success
67,833,486,73,61,success
68,832,485,73,61,success
69,831,485,73,61,success
70,831,484,73,61,success
71,830,484,75,62,success
72,830,484,75,62,success
73,832,484,75,62,success
74,833,484,75,62,success
75,834,485,73,61,success
76,840,486,70,59,success
77,840,486,70,59,success
78,842,485,73,61,success
79,842,484,73,61,success
80,843,484,75,62,success
81,844,485,73,61,success
82,845,485,73,61,success
83,845,487,73,61,success
84,845,486,73,61,success
85,845,487,73,61,success
86,844,486,75,62,success
87,845,486,75,62,success
88,844,488,75,62,success
89,845,487,75,62,success
90,845,487,75,62,success
91,848,487,75,62,success
92,849,486,75,62,success
93,852,486,75,62,success
94,852,486,75,62,success
95,853,487,73,61,success
96,854,490,73,61,success
97,855,489,73,61,success
98,857,490,75,62,success
99,858,490,75,62,success
100,859,489,75,62,success
101,861,489,73,61,success
102,862,489,70,59,success
103,863,491,70,59,success
104,862,490,72,60,success
105,861,490,73,61,success
106,863,493,73,61,success
107,863,493,73,61,success
108,867,493,70,59,success
109,866,493,72,60,success
110,867,493,70,59,success
111,869,492,70,59,success
112,870,492,69,57,success
113,872,491,68,56,success
114,873,492,66,55,success
115,874,492,65,54,success
116,875,492,65,54,success
117,876,492,65,54,success
118,877,494,62,52,success
119,877,492,64,53,success
120,875,491,68,56,success
121,876,492,65,54,success
122,876,491,64,53,success
123,875,493,64,53,success
124,872,490,68,56,success
125,872,492,65,54,success
126,872,491,64,53,success
127,871,492,65,54,success
128,868,491,66,55,success
129,868,491,64,53,success
130,867,491,65,54,success
131,865,492,65,54,success
132,862,492,66,55,success
133,862,492,64,53,success
134,861,492,66,55,success
135,860,491,65,54,success
136,858,491,66,55,success
137,857,492,66,55,success
138,856,491,66,55,success
139,854,490,69,57,success
140,854,490,68,56,success
141,854,492,66,55,success
142,852,491,69,57,success
143,851,490,68,56,success
144,850,489,70,59,success
145,850,489,70,59,success
146,852,488,69,57,success
147,850,488,68,56,success
148,850,487,68,56,success
149,849,485,69,57,success
150,850,485,66,55,success
151,849,482,69,57,success
152,849,481,68,56,success
153,849,480,68,56,success
154,848,478,70,59,success
155,849,478,69,57,success
156,849,476,69,57,success
157,849,476,69,57,success
158,849,476,68,56,success
159,848,475,72,60,success
160,848,475,69,57,success
161,847,474,70,59,success
162,848,473,72,60,success
163,848,472,72,60,success
164,848,470,73,61,success
165,848,469,75,62,success
166,848,469,75,62,success
167,848,468,76,63,success
168,848,468,78,65,success
169,848,469,76,63,success
170,848,469,76,63,success
171,850,470,73,61,success
172,850,470,75,62,success
173,851,469,76,63,success
174,851,469,76,63,success
175,851,468,78,65,success
176,853,470,75,62,success
177,854,470,76,63,success
178,853,470,78,65,success
179,854,470,76,63,success
180,854,470,78,65,success
181,856,470,76,63,success
182,854,468,79,66,success
183,854,468,81,67,success
184,854,468,81,67,success
185,854,468,81,67,success
186,853,465,84,70,success
187,853,464,86,71,success
188,853,462,87,73,success
189,853,462,87,73,success
190,854,462,87,73,success
191,853,463,89,74,success
192,854,464,87,73,success
193,856,465,86,71,success
194,856,465,87,73,success
195,856,466,87,73,success
196,858,466,86,71,success
197,857,465,89,74,success
198,858,465,87,73,success
199,860,466,86,71,success
200,861,466,86,71,success
201,862,466,86,71,success
202,862,466,86,71,success
203,862,466,87,73,success
204,863,466,86,71,success
205,864,467,86,71,success
206,863,467,87,73,success
207,864,468,86,71,success
208,867,470,82,69,success
209,868,469,86,71,success
210,866,469,87,73,success
211,868,469,86,71,success
212,868,468,87,73,success
213,869,468,86,71,success
214,869,467,87,73,success
215,870,467,86,71,success
216,870,466,87,73,success
217,870,467,86,71,success
218,869,468,87,73,success
219,871,469,84,70,success
220,872,471,82,69,success
221,870,470,86,71,success
222,871,472,84,70,success
223,869,471,86,71,success
224,867,471,87,73,success
225,865,471,89,74,success
226,864,471,87,73,success
227,864,472,86,71,success
228,860,470,91,76,success
229,859,470,89,74,success
230,858,470,89,74,success
231,855,468,93,77,success
232,856,470,89,74,success
233,853,469,91,76,success
234,852,469,91,76,success
235,851,469,91,76,success
236,850,470,91,76,success
237,849,472,89,74,success
238,848,472,91,76,success
239,848,473,89,74,success
240,848,475,86,71,success
241,847,475,87,73,success
242,846,475,89,74,success
243,847,476,86,71,success
244,846,475,89,74,success
245,846,475,87,73,success
246,847,476,86,71,success
247,846,476,87,73,success
248,847,476,86,71,success
249,847,476,87,73,success
250,847,477,87,73,success
251,848,477,87,73,success
252,849,477,86,71,success
253,849,477,87,73,success
254,850,478,86,71,success
255,850,478,86,71,success
256,850,478,86,71,success
257,850,478,87,73,success
258,853,480,82,69,success
259,852,479,86,71,success
260,852,479,87,73,success
261,853,480,86,71,success
262,854,481,84,70,success
263,854,481,86,71,success
264,855,481,86,71,success
265,857,482,84,70,success
266,860,482,84,70,success
267,859,481,86,71,success
268,860,481,86,71,success
269,861,481,86,71,success
270,862,481,84,70,success
271,865,481,84,70,success
272,863,481,86,71,success
273,866,481,84,70,success
274,866,481,86,71,success
275,868,481,84,70,success
276,875,483,81,67,success
277,871,481,86,71,success
278,875,480,87,73,success
279,875,480,87,73,success
280,878,480,86,71,success
281,882,480,87,73,success
282,885,481,84,70,success
283,889,480,87,73,success
284,890,481,86,71,success
285,893,481,84,70,success
286,896,480,87,73,success
287,899,480,86,71,success
288,900,480,87,73,success
289,900,479,89,74,success
290,905,480,86,71,success
291,907,480,86,71,success
292,908,480,86,71,success
293,911,478,89,74,success
294,910,477,91,76,success
295,916,477,91,76,success
296,919,478,87,73,success
297,923,478,87,73,success
298,928,478,87,73,success
299,929,478,87,73,success
300,932,479,84,70,success
301,937,479,86,71,success
302,939,478,87,73,success
303,943,478,87,73,success
304,946,480,84,70,success
305,951,479,86,71,success
306,953,477,91,76,success
307,956,478,89,74,success
308,960,477,89,74,success
309,963,477,89,74,success
310,964,478,87,73,success
311,969,478,87,73,success
312,971,478,86,71,success
313,976,478,87,73,success
314,978,478,86,71,success
315,981,479,84,70,success
316,986,478,86,71,success
317,988,478,86,71,success
318,993,478,87,73,success
319,993,478,87,73,success
320,1000,480,82,69,success
321,1002,478,87,73,success
322,1001,476,91,76,success
323,1007,478,87,73,success
324,1008,478,86,71,success
325,1008,478,87,73,success
326,1008,477,89,74,success
327,1009,477,89,74,success
328,1012,478,87,73,success
329,1013,478,86,71,success
330,1013,478,87,73,success
331,1015,477,87,73,success
332,1017,477,87,73,success
333,1019,477,87,73,success
334,1022,478,84,70,success
335,1023,477,86,71,success
336,1026,477,86,71,success
337,1029,477,86,71,success
338,1031,477,86,71,success
339,1033,477,86,71,success
340,1034,477,87,73,success
341,1034,475,87,73,success
342,1036,475,87,73,success
343,1034,475,87,73,success
344,1034,475,87,73,success
345,1034,475,86,71,success
346,1033,475,87,73,success
347,1033,475,87,73,success
348,1034,475,87,73,success
349,1036,476,86,71,success
350,1037,477,86,71,success
351,1038,478,86,71,success
352,1038,478,86,71,success
353,1039,479,86,71,success
354,1039,479,86,71,success
355,1039,479,86,71,success
356,1040,478,87,73,success
357,1041,478,86,71,success
358,1041,477,87,73,success
359,1041,476,87,73,success
360,1040,474,87,73,success
361,1039,472,87,73,success
362,1039,471,87,73,success
363,1038,470,87,73,success
364,1038,470,87,73,success
365,1038,470,87,73,success
366,1042,473,87,73,success
367,1043,473,86,71,success
368,1048,475,86,71,success
369,1053,476,86,71,success
370,1054,476,86,71,success
371,1060,476,84,70,success
372,1060,476,82,69,success
373,1060,475,84,70,success
374,1059,475,86,71,success
375,1059,476,86,71,success
376,1060,477,84,70,success
377,1062,480,82,69,success
378,1060,486,84,70,success
379,1059,487,82,69,success
380,1056,493,84,70,success
381,1049,500,84,70,success
382,1042,503,86,71,success
383,1034,505,86,71,success
384,1028,506,86,71,success
385,1024,506,87,73,success
386,1012,506,87,73,success
387,1005,504,87,73,success
388,994,498,89,74,success
389,987,495,87,73,success
390,984,494,87,73,success
391,971,487,87,73,success
392,963,481,87,73,success
393,949,474,87,73,success
394,943,468,87,73,success
395,937,466,89,74,success
396,927,460,87,73,success
397,921,460,87,73,success
398,915,465,87,73,success
399,912,472,86,71,success
400,911,474,87,73,success
401,906,483,87,73,success
402,903,488,87,73,success
403,898,494,87,73,success
404,894,494,87,73,success
405,892,495,87,73,success
406,886,497,87,73,success
407,881,498,87,73,success
408,875,498,87,73,success
409,868,497,89,74,success
410,864,494,93,77,success
411,854,489,95,79,success
412,850,486,89,74,success
413,841,480,89,74,success
414,835,474,89,74,success
415,832,473,91,76,success
416,828,469,89,74,success
417,825,468,91,76,success
418,823,469,89,74,success
419,823,470,87,73,success
420,823,471,87,73,success
421,822,474,91,76,success
422,823,477,89,74,success
423,825,483,89,74,success
424,827,486,86,71,success
425,828,488,84,70,success
426,828,491,86,71,success
427,827,491,87,73,success
428,826,491,86,71,success
429,824,491,87,73,success
430,823,491,86,71,success
431,819,488,86,71,success
432,817,487,87,73,success
433,814,485,89,74,success
434,815,486,86,71,success
435,815,485,86,71,success
436,815,486,84,70,success
437,814,487,84,70,success
438,814,487,84,70,success
439,814,488,84,70,success
440,815,489,82,69,success
441,816,490,82,69,success
442,817,490,81,67,success
443,817,491,81,67,success
444,818,491,81,67,success
445,818,491,81,67,success
446,819,491,81,67,success
447,820,492,79,66,success
448,819,491,81,67,success
449,820,491,81,67,success
450,821,491,79,66,success
451,821,491,81,67,success
452,821,490,81,67,success
453,824,490,81,67,success
454,825,492,78,65,success
455,826,492,78,65,success
456,828,493,75,62,success
457,829,492,76,63,success
458,832,493,75,62,success
459,831,492,76,63,success
460,831,492,76,63,success
461,833,492,76,63,success
462,833,491,76,63,success
463,835,491,75,62,success
464,837,492,73,61,success
465,839,492,73,61,success
466,840,492,73,61,success
467,842,492,72,60,success
468,844,493,72,60,success
469,845,493,72,60,success
470,846,494,72,60,success
471,850,495,70,59,success
472,851,496,69,57,success
473,855,497,69,57,success
474,857,498,68,56,success
475,858,498,68,56,success
476,861,497,69,57,success
477,861,498,68,56,success
478,864,498,68,56,success
479,865,496,70,59,success
480,866,497,69,57,success
481,870,496,69,57,success
482,873,496,69,57,success
483,876,496,66,55,success
484,879,495,68,56,success
485,880,494,70,59,success
486,886,494,69,57,success
487,890,493,70,59,success
488,898,493,69,57,success
489,901,494,66,55,success
490,904,494,65,54,success
491,914,494,64,53,success
492,916,493,65,54,success
493,925,493,66,55,success
494,928,493,65,54,success
495,935,493,65,54,success
496,942,494,64,53,success
497,948,492,66,55,success
498,954,493,65,54,success
499,961,493,65,54,success
500,964,493,65,54,success
501,972,493,65,54,success
502,975,492,68,56,success
503,983,492,69,57,success
504,986,493,66,55,success
505,991,494,65,54,success
506,998,495,64,53,success
507,999,496,64,53,success
508,1004,496,62,52,success
509,1006,496,61,51,success
510,1006,495,62,52,success
511,1008,495,61,51,success
512,1007,493,64,53,success
513,1008,493,64,53,success
514,1008,493,64,53,success
515,1006,491,68,56,success
516,1006,491,68,56,success
517,1005,491,69,57,success
518,1003,490,70,59,success
519,1002,491,70,59,success
520,1003,491,69,57,success
521,1001,491,70,59,success
522,1000,491,70,59,success
523,998,489,73,61,success
524,997,490,73,61,success
525,996,489,75,62,success
526,995,489,75,62,success
527,994,489,75,62,success
528,992,488,78,65,success
529,991,488,78,65,success
530,990,487,78,65,success
531,988,487,78,65,success
532,987,486,79,66,success
533,985,486,79,66,success
534,984,486,79,66,success
535,984,487,79,66,success
536,982,486,79,66,success
537,981,486,79,66,success
538,980,485,79,66,success
539,979,485,79,66,success
540,978,484,81,67,success
541,977,483,81,67,success
542,976,482,81,67,success
543,977,482,79,66,success
544,975,481,79,66,success
545,975,481,79,66,success
546,974,481,79,66,success
547,974,481,79,66,success
548,973,480,79,66,success
549,973,480,79,66,success
550,973,480,79,66,success
551,973,482,76,63,success
552,972,483,75,62,success
553,973,483,75,62,success
554,973,483,75,62,success
555,972,483,75,62,success
556,973,483,75,62,success
557,972,483,75,62,success
558,973,483,75,62,success
559,973,483,75,62,success
560,973,483,75,62,success
561,973,483,75,62,success
562,973,484,75,62,success
563,974,485,73,61,success
564,975,485,73,61,success
565,975,485,73,61,success
566,976,485,75,62,success
567,977,485,75,62,success
568,978,486,73,61,success
569,978,487,73,61,success
570,979,487,73,61,success
571,981,488,75,62,success
572,982,488,73,61,success
573,984,488,73,61,success
574,985,489,73,61,success
575,986,489,72,60,success
576,986,488,73,61,success
577,988,490,73,61,success
578,988,489,76,63,success
579,989,490,75,62,success
580,990,491,73,61,success
581,992,492,73,61,success
582,994,493,70,59,success
583,995,495,69,57,success
584,995,494,70,59,success
585,995,494,72,60,success
586,995,494,72,60,success
587,997,496,69,57,success
588,998,496,68,56,success
589,998,497,68,56,success
590,997,498,68,56,success
591,997,499,66,55,success
592,996,498,65,54,success
593,995,498,65,54,success
594,995,498,65,54,success
595,993,498,65,54,success
596,990,499,62,52,success
597,988,498,65,54,success
598,985,499,62,52,success
599,981,496,66,55,success
600,980,497,64,53,success
601,976,497,64,53,success
602,973,496,65,54,success
603,968,496,64,53,success
604,963,495,64,53,success
605,961,494,65,54,success
606,952,493,65,54,success
607,949,493,66,55,success
608,943,493,65,54,success
609,938,494,62,52,success
610,936,493,65,54,success
611,926,493,65,54,success
612,924,493,65,54,success
613,919,494,62,52,success
614,915,494,62,52,success
615,911,494,62,52,success
616,905,494,62,52,success
617,903,492,65,54,success
618,899,493,62,52,success
619,896,491,64,53,success
620,893,490,66,55,success
621,889,490,65,54,success
622,888,489,65,54,success
623,886,487,68,56,success
624,885,487,66,55,success
625,884,487,66,55,success
626,882,485,65,54,success
627,879,483,66,55,success
628,878,483,65,54,success
629,875,482,65,54,success
630,874,481,66,55,success
631,870,480,65,54,success
632,869,480,65,54,success
633,866,480,65,54,success
634,865,480,65,54,success
635,865,479,65,54,success
636,861,479,66,55,success
637,860,479,68,56,success
638,857,483,69,57,success
639,859,484,66,55,success
640,859,486,65,54,success
641,857,489,66,55,success
642,856,488,68,56,success
643,857,490,66,55,success
644,856,490,68,56,success
645,857,491,68,56,success
646,855,492,69,57,success
647,855,493,69,57,success
648,855,493,69,57,success
649,854,493,69,57,success
650,854,493,69,57,success
651,854,494,69,57,success
652,854,495,69,57,success
653,855,495,69,57,success
654,855,496,69,57,success
655,855,496,69,57,success
656,855,494,68,56,success
657,856,494,68,56,success
658,858,495,66,55,success
659,858,495,66,55,success
660,859,495,66,55,success
661,859,495,66,55,success
662,860,497,66,55,success
663,860,497,65,54,success
664,860,498,65,54,success
665,858,498,65,54,success
666,858,497,65,54,success
667,858,496,65,54,success
668,859,496,65,54,success
669,862,495,65,54,success
670,863,495,65,54,success
671,870,497,64,53,success
672,873,498,62,52,success
673,878,498,61,51,success
674,878,498,62,52,success
675,881,498,61,51,success
676,882,499,60,50,success
677,883,499,61,51,success
678,883,499,60,50,success
679,885,500,60,50,success
680,884,500,62,52,success
681,885,500,61,51,success
682,885,499,61,51,success
683,887,499,59,49,success
684,888,499,60,50,success
685,889,498,60,50,success
686,890,496,60,50,success
687,890,495,60,50,success
688,892,493,60,50,success
689,893,493,60,50,success
690,895,492,60,50,success
691,898,491,60,50,success
692,899,491,60,50,success
693,901,491,59,49,success
694,903,491,58,48,success
695,904,491,58,48,success
696,903,490,58,48,success
697,902,488,59,49,success
698,898,487,59,49,success
699,898,486,60,50,success
700,898,486,59,49,success
701,895,485,59,49,success
702,894,484,60,50,success
703,892,485,59,49,success
704,893,486,57,47,success
705,892,486,57,47,success
706,889,487,57,47,success
707,886,488,57,47,success
708,884,489,55,46,success
709,882,489,55,46,success
710,880,489,55,46,success
711,875,488,57,47,success
712,873,489,57,47,success
713,868,488,57,47,success
714,867,488,57,47,success
715,864,489,57,47,success
716,860,489,55,46,success
717,860,489,55,46,success
718,856,489,55,46,success
719,855,489,55,46,success
720,854,490,55,46,success
721,853,490,55,46,success
722,854,490,54,45,success
723,853,490,54,45,success
724,853,490,54,45,success
725,854,490,54,45,success
726,853,490,54,45,success
727,851,490,54,45,success
728,846,490,55,46,success
729,845,490,55,46,success
730,844,490,55,46,success
731,840,491,54,45,success
732,838,490,55,46,success
733,833,491,57,47,success
734,832,491,55,46,success
735,831,492,54,45,success
736,828,492,54,45,success
737,827,492,55,46,success
738,823,493,54,45,success
739,822,493,54,45,success
740,820,494,55,46,success
741,818,494,54,45,success
742,818,496,53,44,success
743,818,496,54,45,success
744,818,497,54,45,success
745,818,497,54,45,success
746,819,499,54,45,success
747,820,499,53,44,success
748,820,500,53,44,success
749,820,499,54,45,success
750,820,499,54,45,success
751,821,499,54,45,success
752,821,500,54,45,success
753,822,500,54,45,success
754,822,500,53,44,success
755,824,501,51,43,success
756,826,502,51,43,success
757,826,502,52,44,success
758,827,502,53,44,success
759,830,503,53,44,success
760,830,503,53,44,success
761,833,502,54,45,success
762,834,503,53,44,success
763,839,503,52,44,success
764,839,501,54,45,success
765,840,501,54,45,success
766,845,501,53,44,success
767,847,501,53,44,success
768,852,500,53,44,success
769,853,500,53,44,success
770,856,500,53,44,success
771,859,500,53,44,success
772,862,500,53,44,success
773,866,501,52,44,success
774,867,501,51,43,success
775,869,501,51,43,success
776,871,501,51,43,success
777,874,501,51,43,success
778,878,501,51,43,success
779,880,501,51,43,success
780,881,500,52,44,success
781,886,500,52,44,success
782,886,499,53,44,success
783,890,499,52,44,success
784,892,499,52,44,success
785,894,499,50,42,success
786,897,499,50,42,success
787,899,499,50,42,success
788,903,500,50,42,success
789,903,500,51,43,success
790,907,500,51,43,success
791,910,500,51,43,success
792,912,500,52,44,success
793,916,500,51,43,success
794,918,501,50,42,success
795,921,501,49,41,success
796,924,500,50,42,success
797,927,500,50,42,success
798,931,500,49,41,success
799,934,499,49,41,success
800,935,500,48,40,success
801,940,500,49,41,success
802,942,499,49,41,success
803,947,500,47,39,success
804,951,501,46,39,success
805,952,501,45,38,success
806,957,502,44,36,success
807,960,502,44,36,success
808,963,502,45,37,success
809,966,503,45,38,success
810,968,502,45,38,success
811,972,503,44,36,success
812,973,503,43,36,success
813,976,503,43,36,success
814,976,503,43,36,success
815,979,503,42,35,success
816,979,500,43,36,success
817,981,501,42,35,success
818,981,501,42,35,success
819,982,502,40,34,success
820,982,502,40,33,success
821,982,502,41,34,success
822,981,502,41,34,success
823,981,503,40,34,success
824,979,503,40,34,success
825,979,503,40,33,success
826,977,503,40,34,success
827,977,503,40,33,success
828,975,503,40,33,success
829,975,503,40,33,success
830,974,504,39,32,success
831,971,503,39,32,success
832,969,502,40,34,success
833,967,502,40,34,success
834,965,502,40,33,success
835,965,502,40,33,success
836,962,502,40,33,success
837,961,502,40,33,success
838,959,502,40,33,success
839,956,501,40,34,success
840,955,501,40,34,success
841,953,501,40,34,success
842,953,501,40,34,success
843,951,500,40,33,success
844,950,500,40,33,success
845,950,499,40,33,success
846,947,498,40,33,success
847,947,497,40,34,success
848,947,495,40,33,success
849,947,495,40,33,success
850,947,495,40,33,success
851,945,492,40,33,success
852,945,492,40,33,success
853,946,490,39,32,success
854,945,488,39,32,success
855,944,488,39,32,success
856,944,486,39,32,success
857,943,484,39,32,success
858,943,484,39,32,success
859,941,484,39,32,success
860,941,484,40,33,success
861,940,484,40,34,success
862,940,484,40,34,success
863,938,484,40,33,success
864,938,484,40,33,success
865,938,484,40,33,success
866,937,483,40,34,success
867,937,482,39,32,success
868,937,480,40,33,success
869,938,480,40,33,success
870,938,479,40,33,success
871,939,477,40,33,success
872,941,476,40,33,success
873,942,475,40,33,success
874,943,474,40,33,success
875,943,474,40,34,success
876,942,474,40,34,success
877,942,474,40,34,success
878,940,476,40,34,success
879,941,476,40,34,success
880,940,477,40,34,success
881,939,478,41,34,success
882,940,479,41,34,success
883,940,481,41,34,success
884,939,480,42,35,success
885,939,480,42,35,success
886,938,481,43,36,success
887,940,481,42,35,success
888,940,483,42,35,success
889,941,483,42,35,success
890,941,483,42,35,success
891,941,484,43,36,success
892,943,484,43,36,success
893,944,485,43,36,success
894,945,485,43,36,success
895,944,485,43,36,success
896,946,487,43,36,success
897,946,487,43,36,success
898,947,489,43,36,success
899,946,490,43,36,success
900,947,490,43,36,success
901,947,493,43,36,success
902,947,493,43,36,success
903,947,494,44,36,success
904,947,494,44,36,success
905,947,494,45,37,success
906,948,495,45,37,success
907,949,495,44,36,success
908,949,495,44,36,success
909,949,495,44,36,success
910,950,495,44,36,success
911,949,495,44,36,success
912,949,495,44,36,success
913,947,495,44,36,success
914,946,495,44,36,success
915,944,494,44,36,success
916,942,494,44,36,success
917,941,493,44,36,success
918,938,494,44,36,success
919,935,494,44,36,success
920,934,494,44,36,success
921,930,494,44,36,success
922,927,494,44,36,success
923,923,494,44,36,success
924,920,494,44,36,success
925,916,494,45,37,success
926,911,494,44,36,success
927,906,494,44,36,success
928,901,494,44,36,success
929,897,494,43,36,success
930,896,494,44,36,success
931,887,494,44,36,success
932,885,494,44,36,success
933,879,494,44,36,success
934,875,495,43,36,success
935,873,496,43,36,success
936,865,498,44,36,success
937,862,499,43,36,success
938,859,501,42,35,success
939,855,501,42,35,success
940,853,501,43,36,success
941,850,501,44,36,success
942,849,502,43,36,success
943,847,502,43,36,success
944,848,502,43,36,success
945,847,502,43,36,success
946,848,503,43,36,success
947,848,502,43,36,success
948,849,502,43,36,success
949,848,501,43,36,success
950,849,501,43,36,success
951,849,499,44,36,success
952,850,498,44,36,success
953,852,497,44,36,success
954,853,496,44,36,success
955,854,496,44,36,success
956,856,496,44,36,success
957,859,495,44,36,success
958,862,494,44,36,success
959,863,494,44,36,success
960,865,494,44,36,success
961,868,494,44,36,success
962,869,493,44,36,success
963,874,494,43,36,success
964,878,496,43,36,success
965,881,496,43,36,success
966,885,496,44,36,success
967,887,497,44,36,success
968,891,499,44,36,success
969,893,499,44,36,success
970,894,499,44,36,success
971,898,499,44,36,success
972,901,500,44,36,success
973,905,500,44,36,success
974,906,500,44,36,success
975,908,499,44,36,success
976,909,499,44,36,success
977,912,499,44,36,success
978,914,498,44,36,success
979,916,498,44,36,success
980,917,497,45,37,success
981,921,496,45,37,success
982,923,497,45,37,success
983,928,496,45,37,success
984,930,497,45,37,success
985,933,497,45,37,success
986,938,497,45,37,success
987,941,499,45,37,success
988,946,498,45,37,success
989,949,499,45,37,success
990,951,499,45,37,success
991,956,500,45,37,success
992,956,501,45,37,success
993,958,501,45,37,success
994,959,500,45,37,success
995,958,499,45,38,success
996,958,495,45,38,success
997,958,493,45,38,success
998,956,490,45,38,success
999,955,488,45,38,success
1000,956,489,45,37,success
1001,956,486,44,36,success
1002,955,485,44,36,success
1003,954,482,44,36,success
1004,954,481,44,36,success
1005,954,481,43,36,success
1006,954,481,43,36,success
1007,955,480,44,36,success
1008,953,480,44,36,success
1009,953,481,44,36,success
1010,953,483,44,36,success
1011,954,485,44,36,success
1012,956,486,43,36,success
1013,960,493,43,36,success
1014,960,495,43,36,success
1015,961,497,43,36,success
1016,960,499,44,36,success
1017,960,499,44,36,success
1018,959,501,45,37,success
1019,959,501,45,37,success
1020,959,501,45,37,success
1021,955,501,45,37,success
1022,954,501,45,37,success
1023,950,500,45,37,success
1024,947,500,45,37,success
1025,947,500,44,36,success
1026,943,497,44,36,success
1027,940,497,45,37,success
1028,937,497,45,37,success
1029,933,495,46,39,success
1030,933,496,45,38,success
1031,930,496,45,37,success
1032,930,497,45,37,success
1033,928,499,44,36,success
1034,927,499,43,36,success
1035,927,499,44,36,success
1036,925,499,44,36,success
1037,924,499,44,36,success
1038,921,499,44,36,success
1039,918,499,45,37,success
1040,918,499,44,36,success
1041,913,499,45,37,success
1042,912,498,45,38,success
1043,907,498,45,38,success
1044,905,498,45,38,success
1045,902,498,45,38,success
1046,898,498,45,38,success
1047,896,498,45,38,success
1048,891,498,45,38,success
1049,885,497,46,39,success
1050,881,497,47,39,success
1051,877,497,47,39,success
1052,873,497,47,39,success
1053,866,497,47,39,success
1054,865,497,47,39,success
1055,861,497,48,40,success
1056,859,497,48,40,success
1057,856,497,48,40,success
1058,852,496,48,40,success
1059,851,497,48,40,success
1060,848,497,49,41,success
1061,844,496,49,41,success
1062,844,497,48,40,success
1063,841,497,49,41,success
1064,838,497,49,41,success
1065,838,497,49,41,success
1066,836,497,49,41,success
1067,835,496,49,41,success
1068,833,496,50,42,success
1069,832,496,50,42,success
1070,832,496,50,42,success
1071,830,497,49,41,success
1072,828,497,49,41,success
1073,827,498,49,41,success
1074,826,499,48,40,success
1075,826,500,48,40,success
1076,823,502,48,40,success
1077,822,502,49,41,success
1078,820,503,49,41,success
1079,820,503,49,41,success
1080,818,504,49,41,success
1081,816,505,49,41,success
1082,815,506,49,41,success
1083,813,506,48,40,success
1084,813,506,48,40,success
1085,812,506,48,40,success
1086,810,506,49,41,success
1087,809,505,49,41,success
1088,806,504,50,42,success
1089,805,504,51,43,success
1090,805,504,50,42,success
1091,802,503,50,42,success
1092,802,503,50,42,success
1093,800,502,50,42,success
1094,801,501,50,42,success
1095,800,500,51,43,success
1096,800,499,52,44,success
1097,800,499,52,44,success
1098,798,498,52,44,success
1099,798,498,53,44,success
1100,797,498,53,44,success
1101,796,497,54,45,success
1102,794,497,54,45,success
1103,793,496,55,46,success
1104,793,496,55,46,success
1105,793,496,55,46,success
1106,793,495,57,47,success
1107,793,494,58,48,success
1108,794,495,57,47,success
1109,795,495,57,47,success
1110,796,495,57,47,success
1111,796,494,58,48,success
1112,797,494,58,48,success
1113,798,494,58,48,success
1114,798,494,59,49,success
1115,798,495,59,49,success
1116,799,495,59,49,success
1117,799,494,60,50,success
1118,799,495,61,51,success
1119,799,495,61,51,success
1120,799,495,61,51,success
1121,800,496,61,51,success
1122,800,495,62,52,success
1123,801,496,61,51,success
1124,802,497,62,52,success
1125,801,497,62,52,success
1126,802,497,64,53,success
1127,803,498,62,52,success
1128,800,499,64,53,success
1129,801,498,65,54,success
1130,800,499,65,54,success
1131,799,500,66,55,success
1132,799,499,66,55,success
1133,798,502,66,55,success
1134,797,501,68,56,success
1135,797,502,68,56,success
1136,797,502,69,57,success
1137,796,502,69,57,success
1138,797,503,69,57,success
1139,798,503,69,57,success
1140,798,503,70,59,success
1141,799,503,72,60,success
1142,799,502,72,60,success
1143,800,501,72,60,success
1144,800,500,72,60,success
1145,800,499,73,61,success
1146,800,499,73,61,success
1147,799,500,75,62,success
1148,798,500,76,63,success
1149,797,499,76,63,success
1150,797,499,76,63,success
1151,798,500,76,63,success
1152,798,500,78,65,success
1153,798,500,78,65,success
1154,799,499,78,65,success
1155,799,499,79,66,success
1156,803,499,78,65,success
1157,802,497,79,66,success
1158,804,496,81,67,success
1159,806,495,81,67,success
1160,805,495,82,69,success
1161,807,496,82,69,success
1162,806,494,84,70,success
1163,808,496,84,70,success
1164,808,496,84,70,success
1165,808,495,86,71,success
1166,811,496,84,70,success
1167,810,495,86,71,success
1168,813,495,86,71,success
1169,813,495,86,71,success
1170,813,495,87,73,success
1171,817,495,87,73,success
1172,818,495,87,73,success
1173,821,494,89,74,success
1174,822,495,87,73,success
1175,823,495,87,73,success
1176,824,496,87,73,success
1177,824,497,87,73,success
1178,823,497,87,73,success
1179,824,499,86,71,success
1180,825,499,87,73,success
1181,825,499,87,73,success
1182,825,499,87,73,success
1183,826,499,87,73,success
1184,829,499,87,73,success
1185,830,499,87,73,success
1186,833,498,87,73,success
1187,833,498,87,73,success
1188,836,497,87,73,success
1189,837,498,86,71,success
1190,837,497,89,74,success
1191,837,496,89,74,success
1192,838,496,87,73,success
1193,838,497,87,73,success
1194,838,497,87,73,success
1195,838,496,87,73,success
1196,839,497,86,71,success
1197,840,496,87,73,success
1198,840,496,87,73,success
1199,841,495,87,73,success
1200,842,496,86,71,success
1201,844,494,87,73,success
1202,845,494,86,71,success
1203,846,494,86,71,success
1204,846,495,87,73,success
1205,847,495,86,71,success
1206,846,497,86,71,success
1207,846,499,84,70,success
1208,843,500,87,73,success
1209,843,501,86,71,success
1210,842,503,86,71,success
1211,841,505,87,73,success
1212,842,505,86,71,success
1213,842,507,87,73,success
1214,843,506,87,73,success
1215,844,507,86,71,success
1216,848,504,87,73,success
1217,849,504,87,73,success
1218,852,499,89,74,success
1219,852,499,89,74,success
1220,854,498,89,74,success
1221,857,497,89,74,success
1222,857,496,89,74,success
1223,860,496,89,74,success
1224,861,496,87,73,success
1225,861,495,89,74,success
1226,864,495,89,74,success
1227,865,495,89,74,success
1228,868,495,89,74,success
1229,869,494,91,76,success
1230,870,494,91,76,success
1231,873,493,93,77,success
1232,874,494,93,77,success
1233,879,493,93,77,success
1234,881,493,93,77,success
1235,884,493,93,77,success
1236,887,492,95,79,success
1237,888,491,95,79,success
1238,893,491,95,79,success
1239,894,491,95,79,success
1240,897,490,97,80,success
1241,903,491,97,80,success
1242,904,489,102,85,success
1243,910,489,100,84,success
1244,914,489,100,84,success
1245,916,489,100,84,success
1246,922,489,100,84,success
1247,926,489,100,84,success
1248,933,488,100,84,success
1249,938,488,100,84,success
1250,942,488,100,84,success
1251,947,488,100,84,success
1252,952,489,100,84,success
1253,957,490,100,84,success
1254,958,491,98,82,success
1255,964,492,95,79,success
1256,971,493,95,79,success
1257,977,494,93,77,success
1258,983,493,95,79,success
1259,988,493,95,79,success
1260,992,492,97,80,success
1261,1000,492,97,80,success
1262,1005,491,98,82,success
1263,1013,492,95,79,success
1264,1017,490,98,82,success
1265,1020,490,97,80,success
1266,1028,491,95,79,success
1267,1035,491,95,79,success
1268,1044,490,93,77,success
1269,1047,488,97,80,success
1270,1046,488,98,82,success
1271,1055,486,97,80,success
1272,1057,486,97,80,success
1273,1060,481,102,85,success
1274,1064,482,98,82,success
1275,1062,479,104,87,success
1276,1067,476,107,89,success
1277,1066,475,111,92,success
1278,1070,475,111,92,success
1279,1072,475,107,89,success
1280,1076,478,100,84,success
1281,1076,476,102,85,success
1282,1074,473,107,89,success
1283,1077,474,104,87,success
1284,1075,470,109,91,success
1285,1077,471,107,89,success
1286,1078,470,107,89,success
1287,1078,469,107,89,success
1288,1078,468,109,91,success
1289,1079,468,109,91,success
1290,1080,468,111,92,success
1291,1081,469,109,91,success
1292,1082,470,107,89,success
1293,1081,470,107,89,success
1294,1083,471,104,87,success
1295,1082,471,104,87,success
1296,1082,471,104,87,success
1297,1081,471,104,87,success
1298,1079,471,104,87,success
1299,1080,471,102,85,success
1300,1079,471,104,87,success
1301,1078,470,104,87,success
1302,1077,470,102,85,success
1303,1078,470,104,87,success
1304,1076,470,104,87,success
1305,1076,470,104,87,success
1306,1077,471,104,87,success
1307,1077,472,102,85,success
1308,1079,473,102,85,success
1309,1080,475,100,84,success
1310,1081,476,100,84,success
1311,1078,476,102,85,success
1312,1079,478,98,82,success
1313,1076,477,100,84,success
1314,1077,477,100,84,success
1315,1076,477,100,84,success
1316,1072,476,102,85,success
1317,1071,475,100,84,success
1318,1070,474,100,84,success
1319,1069,475,98,82,success
1320,1069,474,98,82,success
1321,1069,474,98,82,success
1322,1069,475,97,80,success
1323,1069,475,98,82,success
1324,1068,475,98,82,success
1325,1068,477,97,80,success
1326,1068,478,98,82,success
1327,1068,478,98,82,success
1328,1068,480,97,80,success
1329,1068,480,98,82,success
1330,1069,481,97,80,success
1331,1071,483,97,80,success
1332,1070,483,97,80,success
1333,1069,484,97,80,success
1334,1070,485,97,80,success
1335,1069,484,98,82,success
1336,1070,485,97,80,success
1337,1069,484,98,82,success
1338,1070,484,97,80,success
1339,1071,484,97,80,success
1340,1072,484,97,80,success
1341,1073,484,97,80,success
1342,1073,482,98,82,success
1343,1075,480,98,82,success
1344,1077,481,97,80,success
1345,1078,481,97,80,success
1346,1081,480,98,82,success
1347,1083,480,97,80,success
1348,1084,479,98,82,success
1349,1085,477,98,82,success
1350,1086,477,98,82,success
1351,1087,474,100,84,success
1352,1089,475,98,82,success
1353,1091,473,102,85,success
1354,1094,471,102,85,success
1355,1095,472,100,84,success
1356,1099,471,102,85,success
1357,1101,470,102,85,success
1358,1105,470,102,85,success
1359,1107,471,100,84,success
1360,1108,470,104,87,success
1361,1113,470,102,85,success
1362,1115,471,102,85,success
1363,1122,474,100,84,success
1364,1124,474,102,85,success
1365,1126,474,102,85,success
1366,1131,475,102,85,success
1367,1132,475,104,87,success
1368,1139,476,104,87,success
1369,1140,476,104,87,success
1370,1141,477,104,87,success
1371,1147,477,104,87,success
1372,1149,478,104,87,success
1373,1152,478,107,89,success
1374,1154,478,107,89,success
1375,1155,477,111,92,success
1376,1159,476,113,94,success
1377,1158,475,118,98,success
1378,1161,475,118,98,success
1379,1162,475,120,100,success
1380,1164,475,120,100,success
1381,1165,474,122,102,success
1382,1168,475,122,102,success
1383,1169,473,127,106,success
1384,1169,472,130,108,success
1385,1171,473,130,108,success
1386,1171,471,135,113,success
1387,1173,471,135,113,success
1388,1177,472,132,110,success
1389,1177,472,135,113,success
1390,1179,472,135,113,success
1391,1181,474,135,113,success
1392,1182,475,135,113,success
1393,1185,475,138,115,success
1394,1185,474,141,117,success
1395,1188,476,138,115,success
1396,1192,478,138,115,success
1397,1195,478,138,115,success
1398,1197,478,141,117,success
1399,1198,478,143,120,success
1400,1201,479,143,120,success
1401,1205,481,143,120,success
1402,1207,480,146,122,success
1403,1209,481,146,122,success
1404,1212,482,146,122,success
1405,1213,482,146,122,success
1406,1216,482,146,122,success
1407,1221,483,143,120,success
1408,1223,483,143,120,success
1409,1224,483,143,120,success
1410,1226,483,143,120,success
1411,1228,485,141,117,success
1412,1229,485,141,117,success
1413,1231,485,141,117,success
1414,1231,484,143,120,success
1415,1235,485,141,117,success
1416,1232,484,146,122,success
1417,1236,484,146,122,success
1418,1233,483,149,124,success
1419,1233,482,152,127,success
1420,1233,482,152,127,success
1421,1233,482,152,127,success
1422,1232,481,155,129,success
1423,1230,480,158,132,success
1424,1230,480,158,132,success
1425,1227,479,161,135,success
1426,1224,478,165,137,success
1427,1223,478,165,137,success
1428,1220,478,168,140,success
1429,1216,475,175,146,success
1430,1216,476,175,146,success
1431,1207,474,182,152,success
1432,1205,475,182,152,success
1433,1200,474,186,155,success
1434,1198,474,186,155,success
1435,1193,473,189,158,success
1436,1187,475,189,158,success
1437,1183,474,193,161,success
1438,1177,473,197,164,success
1439,1172,473,197,164,success
1440,1168,472,201,167,success
1441,1162,474,197,164,success
1442,1155,474,201,167,success
1443,1148,475,201,167,success
1444,1145,475,201,167,success
1445,1140,476,201,167,success
1446,1127,475,205,171,success
1447,1127,476,205,171,success
1448,1112,474,209,174,success
1449,1104,474,213,178,success
1450,1098,474,213,178,success
1451,1090,474,209,174,success
1452,1084,474,209,174,success
1453,1073,475,205,171,success
1454,1063,475,205,171,success
1455,1060,475,205,171,success
1456,1048,474,205,171,success
1457,1044,474,205,171,success
1458,1036,476,201,167,success
1459,1035,476,201,167,success
1460,1029,477,197,164,success
1461,1029,479,193,161,success
1462,1026,481,186,155,success
1463,1026,482,186,155,success
1464,1025,482,186,155,success
1465,1025,482,186,155,success
1466,1025,482,186,155,success
1467,1025,482,186,155,success
1468,1027,483,182,152,success
1469,1027,483,182,152,success
1470,1028,483,182,152,success
1471,1030,483,182,152,success
1472,1033,484,178,149,success
1473,1032,482,182,152,success
1474,1036,484,175,146,success
1475,1037,485,171,143,success
1476,1039,484,171,143,success
1477,1038,483,175,146,success
1478,1040,481,178,149,success
1479,1040,479,186,155,success
1480,1043,478,186,155,success
1481,1045,478,186,155,success
1482,1048,478,186,155,success
1483,1051,477,186,155,success
1484,1053,478,186,155,success
1485,1054,478,186,155,success
1486,1058,478,186,155,success
1487,1059,477,186,155,success
1488,1061,478,186,155,success
1489,1062,478,186,155,success
1490,1066,480,182,152,success
1491,1066,479,186,155,success
1492,1068,479,186,155,success
1493,1071,478,186,155,success
1494,1072,478,186,155,success
1495,1073,478,186,155,success
1496,1077,479,186,155,success
1497,1080,480,186,155,success
1498,1084,482,186,155,success
1499,1085,482,186,155,success
1500,1087,483,186,155,success
1501,1091,485,186,155,success
1502,1093,485,186,155,success
1503,1096,486,186,155,success
1504,1098,486,186,155,success
1505,1099,485,186,155,success
1506,1100,483,189,158,success
1507,1100,481,193,161,success
1508,1108,482,189,158,success
1509,1108,482,189,158,success
1510,1110,483,189,158,success
1511,1113,485,186,155,success
1512,1111,484,189,158,success
1513,1116,486,186,155,success
1514,1117,487,186,155,success
1515,1116,487,186,155,success
1516,1117,489,182,152,success
1517,1115,489,182,152,success
1518,1113,488,182,152,success
1519,1113,490,178,149,success
1520,1111,488,182,152,success
1521,1111,488,182,152,success
1522,1113,489,178,149,success
1523,1116,491,175,146,success
1524,1116,492,175,146,success
1525,1115,491,178,149,success
1526,1115,492,178,149,success
1527,1115,493,178,149,success
1528,1112,491,182,152,success
1529,1113,490,182,152,success
1530,1112,490,182,152,success
1531,1110,488,186,155,success
1532,1110,487,186,155,success
1533,1107,484,189,158,success
1534,1105,483,193,161,success
1535,1104,482,193,161,success
1536,1100,480,197,164,success
1537,1099,480,197,164,success
1538,1097,479,197,164,success
1539,1095,479,197,164,success
1540,1094,479,197,164,success
1541,1092,479,193,161,success
1542,1091,478,193,161,success
1543,1089,478,193,161,success
1544,1088,477,193,161,success
1545,1086,477,193,161,success
1546,1085,475,193,161,success
1547,1083,475,193,161,success
1548,1084,476,189,158,success
1549,1083,476,189,158,success
1550,1082,476,189,158,success
1551,1084,476,186,155,success
1552,1083,475,186,155,success
1553,1080,473,186,155,success
1554,1083,474,182,152,success
1555,1083,473,182,152,success
1556,1083,472,178,149,success
1557,1083,471,182,152,success
1558,1084,469,178,149,success
1559,1082,469,182,152,success
1560,1081,468,182,152,success
1561,1082,467,182,152,success
1562,1083,467,178,149,success
1563,1081,466,182,152,success
1564,1083,467,178,149,success
1565,1081,466,182,152,success
1566,1084,468,178,149,success
1567,1081,467,182,152,success
1568,1081,468,182,152,success
1569,1082,468,182,152,success
1570,1082,469,182,152,success
1571,1083,470,182,152,success
1572,1083,470,182,152,success
1573,1083,470,182,152,success
1574,1085,470,182,152,success
1575,1085,469,182,152,success
1576,1084,466,186,155,success
1577,1083,465,186,155,success
1578,1081,463,189,158,success
1579,1084,465,186,155,success
1580,1082,465,186,155,success
1581,1081,465,186,155,success
1582,1081,466,186,155,success
1583,1082,467,182,152,success
1584,1080,466,186,155,success
1585,1082,466,182,152,success
1586,1082,466,178,149,success
1587,1080,465,182,152,success
1588,1078,464,182,152,success
1589,1079,464,178,149,success
1590,1078,464,178,149,success
1591,1075,464,178,149,success
1592,1074,465,175,146,success
1593,1071,464,178,149,success
1594,1069,465,178,149,success
1595,1067,464,178,149,success
1596,1065,465,178,149,success
1597,1063,466,178,149,success
1598,1062,466,178,149,success
1599,1060,466,178,149,success
1600,1058,467,178,149,success
1601,1055,468,178,149,success
1602,1051,468,182,152,success
1603,1048,467,182,152,success
1604,1049,469,178,149,success
1605,1046,468,182,152,success
1606,1043,469,182,152,success
1607,1042,469,182,152,success
1608,1040,470,182,152,success
1609,1038,471,182,152,success
1610,1036,471,182,152,success
1611,1032,470,186,155,success
1612,1029,469,189,158,success
1613,1026,469,193,161,success
1614,1025,469,193,161,success
1615,1022,469,193,161,success
1616,1018,469,197,164,success
1617,1018,469,197,164,success
1618,1016,469,197,164,success
1619,1011,469,201,167,success
1620,1010,469,201,167,success
1621,1008,469,201,167,success
1622,1006,470,201,167,success
1623,1004,470,201,167,success
1624,1003,469,201,167,success
1625,999,468,205,171,success
1626,999,469,201,167,success
1627,996,468,205,171,success
1628,994,467,205,171,success
1629,992,467,205,171,success
1630,992,467,205,171,success
1631,991,468,201,167,success
1632,988,467,205,171,success
1633,985,466,205,171,success
1634,984,466,205,171,success
1635,983,466,205,171,success
1636,983,467,201,167,success
1637,980,466,205,171,success
1638,982,468,197,164,success
1639,978,466,201,167,success
1640,977,466,201,167,success
1641,973,464,205,171,success
1642,973,465,201,167,success
1643,972,466,197,164,success
1644,969,463,201,167,success
1645,969,465,197,164,success
1646,964,464,201,167,success
1647,964,465,197,164,success
1648,960,466,197,164,success
1649,957,466,197,164,success
1650,957,468,193,161,success
1651,953,469,193,161,success
1652,952,470,193,161,success
1653,948,471,189,158,success
1654,947,472,189,158,success
1655,944,472,189,158,success
1656,942,474,186,155,success
1657,939,474,186,155,success
1658,937,475,182,152,success
1659,932,474,186,155,success
1660,932,475,182,152,success
1661,929,476,178,149,success
1662,926,475,182,152,success
1663,923,476,178,149,success
1664,920,475,182,152,success
1665,919,474,182,152,success
1666,917,475,178,149,success
1667,914,475,182,152,success
1668,912,476,178,149,success
1669,911,476,178,149,success
1670,907,474,182,152,success
1671,906,474,182,152,success
1672,904,473,182,152,success
1673,903,472,182,152,success
1674,902,472,182,152,success
1675,902,472,182,152,success
1676,901,472,178,149,success
1677,897,473,178,149,success
1678,895,473,178,149,success
1679,894,474,175,146,success
1680,892,475,175,146,success
1681,890,477,171,143,success
1682,888,477,171,143,success
1683,888,479,165,137,success
1684,882,478,168,140,success
1685,882,478,168,140,success
1686,877,477,168,140,success
1687,877,478,165,137,success
1688,870,476,168,140,success
1689,870,475,168,140,success
1690,863,473,171,143,success
1691,861,471,171,143,success
1692,857,469,171,143,success
1693,854,467,171,143,success
1694,849,466,171,143,success
1695,848,464,171,143,success
1696,840,461,171,143,success
1697,838,460,171,143,success
1698,830,456,171,143,success
1699,827,454,171,143,success
1700,825,454,171,143,success
1701,816,450,175,146,success
1702,814,448,178,149,success
1703,811,446,178,149,success
1704,805,444,178,149,success
1705,803,444,178,149,success
1706,799,444,175,146,success
1707,795,443,175,146,success
1708,791,443,175,146,success
1709,785,442,175,146,success
1710,787,445,168,140,success
1711,778,447,165,137,success
1712,777,448,161,135,success
1713,769,450,161,135,success
1714,769,451,158,132,success
1715,765,452,158,132,success
1716,757,456,155,129,success
1717,754,456,158,132,success
1718,747,458,158,132,success
1719,745,459,158,132,success
1720,741,463,155,129,success
1721,734,466,155,129,success
1722,731,465,158,132,success
1723,727,469,155,129,success
1724,720,469,158,132,success
1725,721,471,155,129,success
1726,714,472,155,129,success
1727,711,473,155,129,success
1728,705,472,158,132,success
1729,705,473,155,129,success
1730,699,471,161,135,success
1731,696,470,161,135,success
1732,693,469,165,137,success
1733,688,467,168,140,success
1734,686,465,171,143,success
1735,684,464,175,146,success
1736,681,461,178,149,success
1737,680,460,178,149,success
1738,678,458,182,152,success
1739,677,456,182,152,success
1740,676,456,182,152,success
1741,677,454,182,152,success
1742,674,452,186,155,success
1743,674,450,186,155,success
1744,673,450,186,155,success
1745,673,449,186,155,success
1746,672,449,186,155,success
1747,671,449,186,155,success
1748,669,449,186,155,success
1749,667,450,186,155,success
1750,668,452,182,152,success
1751,669,454,178,149,success
1752,669,455,178,149,success
1753,670,458,175,146,success
1754,668,458,178,149,success
1755,668,459,178,149,success
1756,669,460,178,149,success
1757,669,461,178,149,success
1758,672,463,175,146,success
1759,671,463,178,149,success
1760,672,463,178,149,success
1761,674,465,178,149,success
1762,675,465,178,149,success
1763,677,466,178,149,success
1764,677,467,178,149,success
1765,679,468,178,149,success
1766,683,470,175,146,success
1767,684,471,175,146,success
1768,683,470,178,149,success
1769,685,471,178,149,success
1770,686,471,178,149,success
1771,689,472,178,149,success
1772,692,474,175,146,success
1773,693,474,175,146,success
1774,698,476,171,143,success
1775,698,476,171,143,success
1776,701,477,171,143,success
1777,700,475,175,146,success
1778,706,475,175,146,success
1779,706,475,175,146,success
1780,709,477,171,143,success
1781,710,478,171,143,success
1782,713,479,168,140,success
1783,716,479,168,140,success
1784,721,480,165,137,success
1785,721,480,165,137,success
1786,728,479,165,137,success
1787,729,478,165,137,success
1788,736,477,165,137,success
1789,734,477,165,137,success
1790,743,477,161,135,success
1791,747,477,161,135,success
1792,748,477,161,135,success
1793,759,480,155,129,success
1794,762,482,155,129,success
1795,764,484,152,127,success
1796,770,486,155,129,success
1797,775,487,152,127,success
1798,784,491,146,122,success
1799,784,492,146,122,success
1800,786,492,146,122,success
1801,795,494,143,120,success
1802,796,495,143,120,success
1803,803,495,143,120,success
1804,806,498,138,115,success
1805,807,497,141,117,success
1806,815,498,138,115,success
1807,815,498,138,115,success
1808,824,499,132,110,success
1809,821,499,135,113,success
1810,826,498,135,113,success
1811,834,498,132,110,success
1812,835,498,132,110,success
1813,842,499,130,108,success
1814,846,499,130,108,success
1815,846,497,132,110,success
1816,853,497,130,108,success
1817,856,499,127,106,success
1818,861,498,127,106,success
1819,862,497,130,108,success
1820,865,498,127,106,success
1821,869,497,127,106,success
1822,868,497,127,106,success
1823,873,496,127,106,success
1824,875,497,122,102,success
1825,876,497,122,102,success
1826,881,497,120,100,success
1827,882,499,115,96,success
1828,880,497,120,100,success
1829,884,498,115,96,success
1830,883,499,115,96,success
1831,883,498,118,98,success
1832,885,500,113,94,success
1833,882,498,118,98,success
1834,884,499,113,94,success
1835,884,500,113,94,success
1836,881,498,118,98,success
1837,884,499,111,92,success
1838,885,501,109,91,success
1839,881,498,115,96,success
1840,882,498,113,94,success
1841,884,499,109,91,success
1842,882,500,109,91,success
1843,881,498,111,92,success
1844,883,499,109,91,success
1845,882,499,109,91,success
1846,882,498,109,91,success
1847,881,498,109,91,success
1848,879,497,111,92,success
1849,880,497,109,91,success
1850,879,498,109,91,success
1851,877,497,111,92,success
1852,878,497,109,91,success
1853,878,498,107,89,success
1854,878,498,107,89,success
1855,877,498,107,89,success
1856,877,498,104,87,success
1857,875,498,107,89,success
1858,875,498,104,87,success
1859,875,499,102,85,success
1860,876,499,100,84,success
1861,876,500,98,82,success
1862,876,500,97,80,success
1863,874,499,98,82,success
1864,876,500,95,79,success
1865,875,500,95,79,success
1866,876,500,93,77,success
1867,874,499,95,79,success
1868,873,498,97,80,success
1869,874,498,97,80,success
1870,873,498,97,80,success
1871,874,498,95,79,success
1872,874,499,93,77,success
1873,874,498,95,79,success
1874,874,498,93,77,success
1875,875,499,91,76,success
1876,874,497,95,79,success
1877,875,497,93,77,success
1878,875,496,93,77,success
1879,875,496,93,77,success
1880,875,496,93,77,success
1881,875,496,93,77,success
1882,876,496,91,76,success
1883,876,495,91,76,success
1884,877,495,89,74,success
1885,878,497,86,71,success
1886,876,496,89,74,success
1887,877,496,87,73,success
1888,877,496,87,73,success
1889,876,496,87,73,success
1890,877,496,86,71,success
1891,876,496,86,71,success
1892,876,496,86,71,success
1893,874,495,89,74,success
1894,876,495,87,73,success
1895,876,496,86,71,success
1896,876,497,86,71,success
1897,877,497,86,71,success
1898,878,499,84,70,success
1899,878,499,84,70,success
1900,878,499,86,71,success
1901,878,499,86,71,success
1902,878,499,86,71,success
1903,879,498,86,71,success
1904,879,497,86,71,success
1905,879,497,86,71,success
1906,880,495,86,71,success
1907,881,495,86,71,success
1908,882,495,86,71,success
1909,880,493,89,74,success
1910,883,494,86,71,success
1911,883,494,87,73,success
1912,885,495,84,70,success
1913,885,495,87,73,success
1914,886,494,86,71,success
1915,888,496,84,70,success
1916,889,496,86,71,success
1917,889,496,86,71,success
1918,890,496,86,71,success
1919,892,496,84,70,success
1920,891,496,86,71,success
1921,893,495,84,70,success
1922,893,494,86,71,success
1923,895,494,84,70,success
1924,896,495,84,70,success
1925,896,494,86,71,success
1926,897,494,86,71,success
1927,898,494,86,71,success
1928,899,493,86,71,success
1929,900,492,86,71,success
1930,900,492,86,71,success
1931,902,492,86,71,success
1932,902,492,86,71,success
1933,903,492,86,71,success
1934,903,493,86,71,success
1935,902,492,86,71,success
1936,903,493,86,71,success
1937,903,493,86,71,success
1938,904,493,86,71,success
1939,905,492,86,71,success
1940,905,492,86,71,success
1941,906,490,86,71,success
1942,907,489,86,71,success
1943,907,488,86,71,success
1944,908,488,86,71,success
1945,908,488,86,71,success
1946,908,488,86,71,success
1947,908,488,86,71,success
1948,908,489,86,71,success
1949,908,488,86,71,success
1950,908,488,86,71,success
1951,908,488,86,71,success
1952,907,488,86,71,success
1953,907,488,86,71,success
1954,907,488,86,71,success
1955,906,488,86,71,success
1956,905,487,87,73,success
1957,906,487,86,71,success
1958,905,487,86,71,success
1959,905,487,86,71,success
1960,905,487,86,71,success
1961,904,487,86,71,success
1962,904,487,86,71,success
1963,902,487,86,71,success
1964,902,487,86,71,success
1965,901,487,86,71,success
1966,900,487,86,71,success
1967,900,487,86,71,success
1968,900,487,86,71,success
1969,899,486,86,71,success
1970,899,487,84,70,success
1971,897,486,86,71,success
1972,895,486,87,73,success
1973,895,486,86,71,success
1974,895,486,86,71,success
1975,895,486,86,71,success
1976,892,486,87,73,success
1977,893,486,86,71,success
1978,891,486,86,71,success
1979,890,486,87,73,success
1980,890,486,86,71,success
1981,890,486,86,71,success
1982,889,486,86,71,success
1983,888,485,86,71,success
1984,888,485,86,71,success
1985,888,486,84,70,success
1986,887,485,86,71,success
1987,886,485,86,71,success
1988,885,485,86,71,success
1989,885,485,86,71,success
1990,886,485,86,71,success
1991,885,483,87,73,success
1992,885,482,87,73,success
